-- MySQL dump 10.13  Distrib 8.0.29, for Win64 (x86_64)
--
-- Host: localhost    Database: acimage_community
-- ------------------------------------------------------
-- Server version	8.0.29

/*!40101 SET @OLD_CHARACTER_SET_CLIENT=@@CHARACTER_SET_CLIENT */;
/*!40101 SET @OLD_CHARACTER_SET_RESULTS=@@CHARACTER_SET_RESULTS */;
/*!40101 SET @OLD_COLLATION_CONNECTION=@@COLLATION_CONNECTION */;
/*!50503 SET NAMES utf8mb4 */;
/*!40103 SET @OLD_TIME_ZONE=@@TIME_ZONE */;
/*!40103 SET TIME_ZONE='+00:00' */;
/*!40014 SET @OLD_UNIQUE_CHECKS=@@UNIQUE_CHECKS, UNIQUE_CHECKS=0 */;
/*!40014 SET @OLD_FOREIGN_KEY_CHECKS=@@FOREIGN_KEY_CHECKS, FOREIGN_KEY_CHECKS=0 */;
/*!40101 SET @OLD_SQL_MODE=@@SQL_MODE, SQL_MODE='NO_AUTO_VALUE_ON_ZERO' */;
/*!40111 SET @OLD_SQL_NOTES=@@SQL_NOTES, SQL_NOTES=0 */;

--
-- Table structure for table `bak_tb_image`
--

DROP TABLE IF EXISTS `bak_tb_image`;
/*!40101 SET @saved_cs_client     = @@character_set_client */;
/*!50503 SET character_set_client = utf8mb4 */;
CREATE TABLE `bak_tb_image` (
  `id` bigint NOT NULL,
  `topic_id` bigint DEFAULT NULL,
  `size` int NOT NULL,
  `description` varchar(30) DEFAULT NULL,
  `url` varchar(50) DEFAULT NULL,
  PRIMARY KEY (`id`),
  KEY `fk_image_topic_id` (`topic_id`),
  CONSTRAINT `fk_image_topic_id` FOREIGN KEY (`topic_id`) REFERENCES `tb_topic` (`id`)
) ENGINE=InnoDB DEFAULT CHARSET=utf8mb4 COLLATE=utf8mb4_0900_ai_ci COMMENT='此表废弃，迁移到acimage_image';
/*!40101 SET character_set_client = @saved_cs_client */;

--
-- Dumping data for table `bak_tb_image`
--

LOCK TABLES `bak_tb_image` WRITE;
/*!40000 ALTER TABLE `bak_tb_image` DISABLE KEYS */;
INSERT INTO `bak_tb_image` VALUES (1572508721903943680,1572508721685839872,3875,'没脸看+','topicImage/2022/12/03/1572508721903943680.jpeg'),(1572508721903943681,1572508721685839872,10254,'愤怒++','topicImage/2022/12/03/1572508721903943681.jpeg'),(1573240094587424768,1573240094281240576,61485,'1589.jpeg','topicImage/2022/12/03/1573240094587424768.jpeg'),(1573240094587424769,1573240094281240576,115251,'bg5552233','topicImage/2022/12/03/1573240094587424769.jpeg'),(1573322637990981632,1573322637529608192,94990,'爱丽丝镇楼','topicImage/2022/12/03/1573322637990981632.jpeg'),(1573324140340367360,1573324140009017344,298951,'login-bg2.jpg','topicImage/2022/12/03/1573324140340367360.jpeg'),(1573953638224220160,1573953638006116352,61485,'1.jpeg','topicImage/2022/12/03/1573953638224220160.jpeg'),(1573953638224220161,1573953638006116352,206308,'2.jpg','topicImage/2022/12/03/1573953638224220161.jpeg'),(1574286298305822720,1574286298175799296,10254,'b5.png','topicImage/2022/12/03/1574286298305822720.jpeg'),(1575129660659408896,1575129660344836096,201835,'次元小镇8','topicImage/2022/12/03/1575129660659408896.jpeg'),(1575868221272621056,1575868221125820416,632860,'大忍.jpg','topicImage/2022/12/03/1575868221272621056.jpeg'),(1575868221272621057,1575868221125820416,548304,'中忍.jpg','topicImage/2022/12/03/1575868221272621057.jpeg'),(1578393575283515392,1578393575279321088,10254,'b5 - 副本.','topicImage/2022/12/03/1578393575283515392.jpeg'),(1578393575283515393,1578393575279321088,10254,'b5','topicImage/2022/12/03/1578393575283515393.jpeg'),(1578709444954001408,1578709444933029888,58013,'水源千鹤.jpeg','topicImage/2022/12/03/1578709444954001408.jpeg'),(1578964177170010112,1578964177039986688,122126,'404.png','topicImage/2022/12/03/1578964177170010112.jpeg'),(1578964177170010113,1578964177039986688,12467,'b4.png','topicImage/2022/12/03/1578964177170010113.jpeg'),(1579019429604798464,1579019429336363008,120195,'次元小镇5.jpg','topicImage/2022/12/03/1579019429604798464.jpeg'),(1579088909441728512,1579088909127155712,23681,'义勇？？？','topicImage/2022/12/03/1579088909441728512.jpeg'),(1583082177125019648,1583082176776892416,71046,'百度图片9.jpeg','topicImage/2022/12/03/1583082177125019648.jpeg'),(1584469610789879808,1584469610554998784,230322,'次元小镇4.jpg','topicImage/2022/12/03/1584469610789879808.jpeg'),(1585529145067569152,1585529145054986240,51912,'藤原千花.jpeg','topicImage/2022/12/03/1585529145067569152.jpeg'),(1585529145067569153,1585529145054986240,44417,'藤原千花1.jpeg','topicImage/2022/12/03/1585529145067569153.jpeg'),(1585529145067569154,1585529145054986240,51626,'藤原千花2.jpeg','topicImage/2022/12/03/1585529145067569154.jpeg'),(1585529145067569155,1585529145054986240,148743,'藤原千花3.jpeg','topicImage/2022/12/03/1585529145067569155.jpeg'),(1585529145067569156,1585529145054986240,73031,'藤原千花4.jpeg','topicImage/2022/12/03/1585529145067569156.jpeg'),(1586281501346553856,1586281501153615872,191680,'login-bg','topicImage/2022/12/03/1586281501346553856.jpeg'),(1586281501346553857,1586281501153615872,191294,'百度图片1','topicImage/2022/12/03/1586281501346553857.jpeg'),(1586281501346553858,1586281501153615872,66104,'百度图片','topicImage/2022/12/03/1586281501346553858.jpeg');
/*!40000 ALTER TABLE `bak_tb_image` ENABLE KEYS */;
UNLOCK TABLES;

--
-- Table structure for table `bak_tb_sp_image`
--

DROP TABLE IF EXISTS `bak_tb_sp_image`;
/*!40101 SET @saved_cs_client     = @@character_set_client */;
/*!50503 SET character_set_client = utf8mb4 */;
CREATE TABLE `bak_tb_sp_image` (
  `id` bigint NOT NULL,
  `description` varchar(30) DEFAULT NULL,
  `url` varchar(50) NOT NULL,
  `type` varchar(20) DEFAULT NULL,
  `size` int DEFAULT NULL,
  `location` int DEFAULT NULL,
  `create_time` datetime DEFAULT CURRENT_TIMESTAMP,
  `update_time` datetime DEFAULT CURRENT_TIMESTAMP,
  PRIMARY KEY (`id`),
  UNIQUE KEY `url` (`url`)
) ENGINE=InnoDB DEFAULT CHARSET=utf8mb4 COLLATE=utf8mb4_0900_ai_ci COMMENT='此表废弃';
/*!40101 SET character_set_client = @saved_cs_client */;

--
-- Dumping data for table `bak_tb_sp_image`
--

LOCK TABLES `bak_tb_sp_image` WRITE;
/*!40000 ALTER TABLE `bak_tb_sp_image` DISABLE KEYS */;
INSERT INTO `bak_tb_sp_image` VALUES (1595422558785183744,'三分钟diy虚拟形象改+++9968','homeCarousel/2022/11/23/1595422558785183744','HOME_CAROUSEL',66104,1,'2022-11-23 14:22:34','2022-11-24 14:55:51');
/*!40000 ALTER TABLE `bak_tb_sp_image` ENABLE KEYS */;
UNLOCK TABLES;

--
-- Table structure for table `bak_tb_test`
--

DROP TABLE IF EXISTS `bak_tb_test`;
/*!40101 SET @saved_cs_client     = @@character_set_client */;
/*!50503 SET character_set_client = utf8mb4 */;
CREATE TABLE `bak_tb_test` (
  `test_id` bigint NOT NULL,
  `test_name` varchar(20) DEFAULT NULL,
  PRIMARY KEY (`test_id`)
) ENGINE=InnoDB DEFAULT CHARSET=utf8mb4 COLLATE=utf8mb4_0900_ai_ci;
/*!40101 SET character_set_client = @saved_cs_client */;

--
-- Dumping data for table `bak_tb_test`
--

LOCK TABLES `bak_tb_test` WRITE;
/*!40000 ALTER TABLE `bak_tb_test` DISABLE KEYS */;
INSERT INTO `bak_tb_test` VALUES (1,'xlg');
/*!40000 ALTER TABLE `bak_tb_test` ENABLE KEYS */;
UNLOCK TABLES;

--
-- Table structure for table `bak_tb_user_community_statistic`
--

DROP TABLE IF EXISTS `bak_tb_user_community_statistic`;
/*!40101 SET @saved_cs_client     = @@character_set_client */;
/*!50503 SET character_set_client = utf8mb4 */;
CREATE TABLE `bak_tb_user_community_statistic` (
  `user_id` bigint NOT NULL,
  `topic_count` int DEFAULT '0',
  `star_count` int DEFAULT '0',
  PRIMARY KEY (`user_id`)
) ENGINE=InnoDB DEFAULT CHARSET=utf8mb4 COLLATE=utf8mb4_0900_ai_ci;
/*!40101 SET character_set_client = @saved_cs_client */;

--
-- Dumping data for table `bak_tb_user_community_statistic`
--

LOCK TABLES `bak_tb_user_community_statistic` WRITE;
/*!40000 ALTER TABLE `bak_tb_user_community_statistic` DISABLE KEYS */;
INSERT INTO `bak_tb_user_community_statistic` VALUES (1571804585637974016,3,2),(1572443275490078720,7,12),(1572517648460795904,3,10),(1575444479153295360,24,7),(1578720796628017152,3,5),(1610563829040152576,1,0);
/*!40000 ALTER TABLE `bak_tb_user_community_statistic` ENABLE KEYS */;
UNLOCK TABLES;

--
-- Table structure for table `tb_category`
--

DROP TABLE IF EXISTS `tb_category`;
/*!40101 SET @saved_cs_client     = @@character_set_client */;
/*!50503 SET character_set_client = utf8mb4 */;
CREATE TABLE `tb_category` (
  `id` int NOT NULL AUTO_INCREMENT,
  `label` varchar(50) NOT NULL,
  `create_time` datetime DEFAULT CURRENT_TIMESTAMP,
  `update_time` datetime DEFAULT CURRENT_TIMESTAMP,
  `deleted` tinyint DEFAULT '0',
  PRIMARY KEY (`id`),
  UNIQUE KEY `label` (`label`)
) ENGINE=InnoDB AUTO_INCREMENT=12 DEFAULT CHARSET=utf8mb4 COLLATE=utf8mb4_0900_ai_ci;
/*!40101 SET character_set_client = @saved_cs_client */;

--
-- Dumping data for table `tb_category`
--

LOCK TABLES `tb_category` WRITE;
/*!40000 ALTER TABLE `tb_category` DISABLE KEYS */;
INSERT INTO `tb_category` VALUES (1,'番剧茶馆','2023-01-28 12:30:59','2023-01-28 12:30:59',0),(2,'漫画杂谈','2023-01-28 12:30:59','2023-01-28 12:30:59',0),(3,'游戏交流','2023-01-28 12:30:59','2023-01-28 12:30:59',0),(4,'新番点评','2023-01-28 12:31:39','2023-01-28 12:31:39',0),(5,'漫画推荐','2023-01-29 18:10:46','2023-01-29 18:10:46',0),(6,'美图分享','2023-01-28 12:31:56','2023-01-28 12:31:56',0),(7,'其它','2023-02-11 22:53:12','2023-02-11 22:53:12',0),(8,'生活','2023-02-12 01:03:46','2023-02-12 01:03:46',0);
/*!40000 ALTER TABLE `tb_category` ENABLE KEYS */;
UNLOCK TABLES;

--
-- Table structure for table `tb_cmty_user`
--

DROP TABLE IF EXISTS `tb_cmty_user`;
/*!40101 SET @saved_cs_client     = @@character_set_client */;
/*!50503 SET character_set_client = utf8mb4 */;
CREATE TABLE `tb_cmty_user` (
  `id` bigint NOT NULL,
  `username` varchar(12) NOT NULL,
  `photo_url` varchar(60) DEFAULT NULL,
  `topic_count` int DEFAULT '0',
  `star_count` int DEFAULT '0',
  PRIMARY KEY (`id`),
  UNIQUE KEY `id` (`id`),
  UNIQUE KEY `username` (`username`)
) ENGINE=InnoDB DEFAULT CHARSET=utf8mb4 COLLATE=utf8mb4_0900_ai_ci;
/*!40101 SET character_set_client = @saved_cs_client */;

--
-- Dumping data for table `tb_cmty_user`
--

LOCK TABLES `tb_cmty_user` WRITE;
/*!40000 ALTER TABLE `tb_cmty_user` DISABLE KEYS */;
INSERT INTO `tb_cmty_user` VALUES (1571804585637974016,'xlg2',NULL,3,2),(1572443275490078720,'xlg','/acfile-test/userPhoto/2023/02/15/1625783460550000640.webp',14,14),(1572517648460795904,'wyn',NULL,3,11),(1575444479153295360,'wk555','/acfile-test/userPhoto/2023/02/14/1625428004870627328.webp',59,8),(1578720796628017152,'wyk',NULL,3,7),(1610563829040152576,'test','/acfile-test/userPhoto/2023/02/14/1625439247643779072.webp',2,1),(1620054824748322816,'test646','',0,0),(1621074047897554944,'mail','/acfile-test/userPhoto/2023/02/11/1624346161974960128.webp',77,16),(1625487680777834496,'真站长','',2,0),(1625809207310204928,'test3','',0,0),(1625835011809308672,'test4','',1,0);
/*!40000 ALTER TABLE `tb_cmty_user` ENABLE KEYS */;
UNLOCK TABLES;

--
-- Table structure for table `tb_comment`
--

DROP TABLE IF EXISTS `tb_comment`;
/*!40101 SET @saved_cs_client     = @@character_set_client */;
/*!50503 SET character_set_client = utf8mb4 */;
CREATE TABLE `tb_comment` (
  `id` bigint NOT NULL,
  `topic_id` bigint NOT NULL,
  `user_id` bigint NOT NULL,
  `content` varchar(200) DEFAULT NULL,
  `create_time` datetime DEFAULT CURRENT_TIMESTAMP,
  `update_time` datetime DEFAULT CURRENT_TIMESTAMP,
  `deleted` tinyint DEFAULT '0',
  PRIMARY KEY (`id`),
  KEY `fk_comment_user_id` (`user_id`),
  KEY `fk_comment_topic_id` (`topic_id`),
  CONSTRAINT `fk_comment_topic_id` FOREIGN KEY (`topic_id`) REFERENCES `tb_topic` (`id`),
  CONSTRAINT `fk_comment_user_id` FOREIGN KEY (`user_id`) REFERENCES `tb_cmty_user` (`id`)
) ENGINE=InnoDB DEFAULT CHARSET=utf8mb4 COLLATE=utf8mb4_0900_ai_ci;
/*!40101 SET character_set_client = @saved_cs_client */;

--
-- Dumping data for table `tb_comment`
--

LOCK TABLES `tb_comment` WRITE;
/*!40000 ALTER TABLE `tb_comment` DISABLE KEYS */;
INSERT INTO `tb_comment` VALUES (1572851342425731072,1572508721685839872,1572443275490078720,'第一次评论test----','2022-09-22 15:32:36','2022-09-22 15:32:36',0),(1572855699737264128,1572508721685839872,1572443275490078720,'再试一次','2022-09-22 15:49:55','2022-09-22 15:49:55',0),(1572855798034972672,1572508721685839872,1572443275490078720,'地板555','2022-09-22 15:50:19','2022-09-22 15:50:19',0),(1572857549341442048,1572508721685839872,1571804585637974016,'我xlg2也试一下','2022-09-22 15:57:16','2022-09-22 15:57:16',0),(1572930863271350272,1572508721685839872,1572517648460795904,'wyn test成功--','2022-09-22 20:48:36','2022-10-07 21:58:11',0),(1573953716125028352,1573953638006116352,1572443275490078720,'确实还不错！！！--','2022-09-25 16:33:03','2022-09-25 16:33:03',0),(1574394248341057536,1573324140009017344,1572443275490078720,'好看呀','2022-09-26 21:43:34','2022-09-26 21:43:34',0),(1575022334250057728,1573953638006116352,1572517648460795904,'哈哈哈哈55','2022-09-28 15:19:21','2022-09-28 15:19:21',0),(1575022696075886592,1573953638006116352,1572517648460795904,'sdfsfds+++++++55','2022-09-28 15:20:47','2022-09-30 20:10:27',0),(1575026549764780032,1573953638006116352,1572517648460795904,'试试看85876','2022-09-28 15:36:06','2022-09-29 14:00:36',0),(1575129723188092928,1575129660344836096,1572517648460795904,'哈哈哈，我是楼主55','2022-09-28 22:26:05','2022-09-28 22:26:22',0),(1575868271109341184,1575868221125820416,1572517648460795904,'沙发88','2022-09-30 23:20:48','2022-09-30 23:20:54',0),(1576547365828435968,1573240094281240576,1572517648460795904,'牛逼哈哈哈','2022-10-02 20:19:17','2022-10-07 21:28:55',0),(1578388149275987968,1573322637529608192,1572517648460795904,'真的牛逼','2022-10-07 22:13:54','2022-10-07 22:13:54',0),(1578389197927579648,1574286298175799296,1572517648460795904,'狗头doge','2022-10-07 22:18:04','2022-10-07 22:18:04',0),(1578393628375015424,1578393575279321088,1572517648460795904,'双重狗头','2022-10-07 22:35:40','2022-10-07 22:35:40',0),(1578604868410134528,1578393575279321088,1572517648460795904,'头头','2022-10-08 12:35:04','2022-10-08 12:35:04',0),(1578605891719606272,1578393575279321088,1572517648460795904,'8888','2022-10-08 12:39:08','2022-10-08 12:39:08',0),(1578606221970714624,1578393575279321088,1575444479153295360,'你也是狗头？？？','2022-10-08 12:40:27','2022-10-08 12:40:27',0),(1578657605663363072,1575868221125820416,1575444479153295360,'小忍yyds','2022-10-08 16:04:37','2022-10-08 16:04:37',0),(1578708741988651008,1572508721685839872,1575444479153295360,'评论6\n44','2022-10-08 19:27:49','2022-10-08 19:27:49',0),(1578708763522207744,1572508721685839872,1575444479153295360,'评论7','2022-10-08 19:27:54','2022-10-08 19:27:54',0),(1578708782283329536,1572508721685839872,1575444479153295360,'评论8','2022-10-08 19:27:59','2022-10-08 19:27:59',0),(1578708821575569408,1572508721685839872,1575444479153295360,'评论9','2022-10-08 19:28:08','2022-10-08 19:28:08',0),(1578708840655458304,1572508721685839872,1575444479153295360,'评论10','2022-10-08 19:28:13','2022-10-08 19:28:13',0),(1578708861375320064,1572508721685839872,1575444479153295360,'评论11','2022-10-08 19:28:18','2022-10-08 19:28:18',0),(1578709488805449728,1578709444933029888,1575444479153295360,'谁不服砍我','2022-10-08 19:30:47','2022-10-08 19:30:47',0),(1578720891922604032,1578709444933029888,1578720796628017152,'我周哥也来--','2022-10-08 20:16:06','2022-10-08 20:18:41',0),(1578721943895990272,1572508721685839872,1578720796628017152,'搞那么多评论干嘛','2022-10-08 20:20:17','2022-10-08 20:20:17',0),(1578956782356189184,1573324140009017344,1575444479153295360,'确实','2022-10-09 11:53:27','2022-10-09 11:53:27',0),(1580123499950276608,1579088909127155712,1578720796628017152,'沙发','2022-10-12 17:09:34','2022-10-12 17:09:34',0),(1581933002085634048,1578964177039986688,1578720796628017152,'猥琐***','2022-10-17 16:59:53','2022-10-17 16:59:59',0),(1581943414428626944,1575868221125820416,1578720796628017152,'我也来','2022-10-17 17:41:15','2022-10-17 17:41:15',0),(1584449147221061632,1573322637529608192,1571804585637974016,'还是打算看+9','2022-10-24 15:38:08','2022-12-01 23:04:50',0),(1584449427845165056,1573322637529608192,1571804585637974016,'牛逼吗','2022-10-24 15:39:15','2022-11-15 11:20:52',0),(1584469788133441536,1584469610554998784,1571804585637974016,'楼主竟是我自己','2022-10-24 17:00:10','2022-10-24 17:00:10',0),(1586281605595979776,1586281501153615872,1571804585637974016,'阿技术的骄傲和86786\n','2022-10-29 16:59:41','2022-10-29 16:59:46',0),(1586281647572574208,1586281501153615872,1571804585637974016,'safasfda886','2022-10-29 16:59:51','2022-11-21 11:34:17',0),(1586281665490640896,1586281501153615872,1571804585637974016,'fsdfs','2022-10-29 16:59:55','2022-10-29 16:59:55',0),(1586281676790095872,1586281501153615872,1571804585637974016,'sdfsdfds','2022-10-29 16:59:58','2022-10-29 16:59:58',0),(1592063300685361152,1572508721685839872,1571804585637974016,'哈哈哈哈哈','2022-11-14 15:54:04','2022-12-01 16:48:10',0),(1592064426667241472,1579019429336363008,1571804585637974016,'百合gg','2022-11-14 15:58:33','2022-11-14 15:58:33',0),(1592069045388668928,1578393575279321088,1571804585637974016,'嘉实多','2022-11-14 16:16:54','2022-11-14 16:16:54',0),(1592069139982807040,1573953638006116352,1571804585637974016,'jk有意思？','2022-11-14 16:17:16','2022-11-14 16:17:16',0),(1592349682360217600,1573240094281240576,1571804585637974016,'xlg------','2022-11-15 10:52:03','2022-11-15 10:52:03',0),(1592349736324132864,1573324140009017344,1571804585637974016,'背景还行吧','2022-11-15 10:52:16','2022-12-02 16:20:44',0),(1592349826493280256,1574286298175799296,1571804585637974016,'你愤怒个鸡儿','2022-11-15 10:52:37','2022-11-15 10:52:37',0),(1592349866725044224,1578709444933029888,1571804585637974016,'看啥看','2022-11-15 10:52:47','2022-11-15 10:52:47',0),(1592349961650532352,1578964177039986688,1571804585637974016,'404 6666','2022-11-15 10:53:09','2022-11-15 10:53:09',0),(1592356962451423232,1573322637529608192,1571804585637974016,'看不看','2022-11-15 11:20:59','2022-11-15 11:20:59',0),(1598931851488620544,1575868221125820416,1575444479153295360,'10086','2022-12-03 14:47:14','2022-12-03 14:47:14',0),(1600788949604257792,1573322637529608192,1575444479153295360,'我来试试','2022-12-08 17:46:41','2022-12-08 17:46:41',0),(1600788989030715392,1573322637529608192,1575444479153295360,'哈哈哈','2022-12-08 17:46:50','2022-12-08 17:46:50',0),(1604774538536128512,1575129660344836096,1575444479153295360,'11447','2022-12-19 17:43:59','2022-12-19 17:43:59',0),(1605962771487875072,1575129660344836096,1575444479153295360,'xxxxxxxxx','2022-12-23 00:25:36','2022-12-23 00:25:36',0),(1605963833229737984,1575129660344836096,1575444479153295360,'ggggggg','2022-12-23 00:29:49','2022-12-23 00:29:49',0),(1605968330895237120,1575129660344836096,1575444479153295360,'ggggggggggg','2022-12-23 00:47:42','2022-12-23 00:47:42',0),(1605968601507536896,1575129660344836096,1575444479153295360,'xssssss','2022-12-23 00:48:46','2022-12-23 00:48:46',0),(1605969456684179456,1575129660344836096,1575444479153295360,'sdfffff','2022-12-23 00:52:10','2022-12-23 00:52:10',0),(1605970363962417152,1575129660344836096,1575444479153295360,'85555','2022-12-23 00:55:46','2022-12-23 00:55:46',0),(1605970517696241664,1575129660344836096,1575444479153295360,'699999','2022-12-23 00:56:23','2022-12-23 00:56:23',0),(1607283241373937664,1575129660344836096,1575444479153295360,'mmm','2022-12-26 15:52:41','2022-12-26 15:52:41',0),(1607289328399572992,1575129660344836096,1575444479153295360,'iuggggggg','2022-12-26 16:16:52','2022-12-26 16:16:52',0),(1607320152369094656,1578393575279321088,1575444479153295360,'哈哈哈','2022-12-26 18:19:21','2022-12-26 18:19:21',0),(1607631079752704000,1578964177039986688,1572443275490078720,'hhhhhhh','2022-12-27 14:54:52','2023-01-03 14:34:24',0),(1608491376126291968,1575129660344836096,1575444479153295360,'xxxxxxxx','2022-12-29 23:53:23','2022-12-29 23:53:23',0),(1610190322204798976,1610188155725148160,1572443275490078720,'xxfg','2023-01-03 16:24:23','2023-01-03 16:24:23',0),(1610283980417425408,1579088909127155712,1572443275490078720,'就是义勇啊66','2023-01-03 22:36:33','2023-01-04 08:27:15',0),(1611727257503125504,1611727027223252992,1610563829040152576,'楼主op','2023-01-07 22:11:37','2023-01-10 06:05:32',0),(1611727288897490944,1611727027223252992,1610563829040152576,'沙发也是我的','2023-01-07 22:11:44','2023-01-07 22:11:44',0),(1612460869299060736,1573322637529608192,1610563829040152576,'testing','2023-01-09 22:46:43','2023-01-09 22:46:43',0),(1612693198600785920,1573322637529608192,1610563829040152576,'ugugugh','2023-01-10 14:09:55','2023-01-10 14:09:55',0),(1620051097702477824,1619274124591976448,1575444479153295360,'撒旦教可好看','2023-01-30 21:27:35','2023-01-30 21:27:35',0),(1620666136775979008,1620386717213761536,1575444479153295360,'教科书货到付款军师府邸','2023-02-01 14:11:32','2023-02-01 14:11:32',0),(1621075037656793088,1573322637529608192,1621074047897554944,'zxxczxczx','2023-02-02 17:16:21','2023-02-02 17:16:21',0),(1621573078457266176,1575129660344836096,1621074047897554944,'是打发士大夫','2023-02-04 02:15:23','2023-02-04 02:15:23',0),(1621576362647629824,1573322637529608192,1621074047897554944,'第三方士大夫','2023-02-04 02:28:26','2023-02-04 02:28:26',0),(1621781386485047296,1621778881407651840,1621074047897554944,'拉看回放都卡死的解放后','2023-02-04 16:03:08','2023-02-04 16:03:08',0),(1621842340979769344,1621778881407651840,1621074047897554944,'讲课生动付款后水电费卡','2023-02-04 20:05:21','2023-02-04 20:05:21',0),(1621844166319874048,1621778881407651840,1621074047897554944,'数据返回收快递费还是开发','2023-02-04 20:12:36','2023-02-04 20:12:36',0),(1621844169708871680,1621778881407651840,1621074047897554944,'数据返回收快递费还是开发','2023-02-04 20:12:37','2023-02-04 20:12:37',0),(1621844173940924416,1621778881407651840,1621074047897554944,'数据返回收快递费还是开发','2023-02-04 20:12:38','2023-02-04 20:12:38',0),(1621844176512032768,1621778881407651840,1621074047897554944,'数据返回收快递费还是开发','2023-02-04 20:12:38','2023-02-04 20:12:38',0),(1621844180467261440,1621778881407651840,1621074047897554944,'数据返回收快递费还是开发','2023-02-04 20:12:39','2023-02-04 20:12:39',0),(1621845063607308288,1621778881407651840,1621074047897554944,'是的发送到胜多负少','2023-02-04 20:16:10','2023-02-04 20:16:10',0),(1621845111590146048,1621778881407651840,1621074047897554944,'电饭锅电饭锅发个格妃和规范','2023-02-04 20:16:21','2023-02-04 20:16:21',0),(1621846576958287872,1621778881407651840,1621074047897554944,'会计核算的看法和收快递费','2023-02-04 20:22:11','2023-02-04 20:22:11',0),(1621847474493317120,1621778881407651840,1621074047897554944,'都是开集粉红色款接地符号顺丰快递','2023-02-04 20:25:45','2023-02-04 20:25:45',0),(1621847529837158400,1621778881407651840,1621074047897554944,'skhdfjsdf看世界喝咖啡是开放的思路开放时间','2023-02-04 20:25:58','2023-02-04 20:25:58',0),(1621848074329006080,1621778881407651840,1621074047897554944,'爱神的箭哈看世界德哈卡散点散点安居客圣诞节啊','2023-02-04 20:28:08','2023-02-04 20:28:35',0),(1621848206608965632,1621778881407651840,1621074047897554944,'**','2023-02-04 20:28:39','2023-02-04 20:28:39',0),(1621848266566541312,1621778881407651840,1621074047897554944,'***，***，**，**','2023-02-04 20:28:53','2023-02-04 20:28:53',0),(1622611277904379904,1579088909127155712,1621074047897554944,'sjkdhfks','2023-02-06 23:00:49','2023-02-06 23:00:49',0),(1622611953015357440,1575129660344836096,1621074047897554944,'奥斯卡就很大会计师的好看','2023-02-06 23:03:30','2023-02-06 23:03:30',0),(1622612068195139584,1575129660344836096,1621074047897554944,'决胜巅峰会计师的费','2023-02-06 23:03:58','2023-02-06 23:03:58',0),(1622615442823086080,1622615361826881536,1621074047897554944,'可接受的辐射几乎','2023-02-06 23:17:22','2023-02-06 23:17:22',0),(1622615482497007616,1622604499678429184,1621074047897554944,'第三方第三方股份','2023-02-06 23:17:32','2023-02-06 23:17:32',0),(1622616504665669632,1572508721685839872,1621074047897554944,'是打发士大夫','2023-02-06 23:21:36','2023-02-06 23:21:36',0),(1623705942409990144,1623692076313505792,1621074047897554944,'aksdljlasd','2023-02-09 23:30:38','2023-02-09 23:30:38',0),(1624031889818505216,1623960731341348864,1621074047897554944,'阿讲课生动开始的','2023-02-10 21:05:50','2023-02-10 21:05:50',0),(1624036068234481664,1623960731341348864,1621074047897554944,'就开始电话费看士大夫','2023-02-10 21:22:26','2023-02-10 21:22:26',0),(1624036184282484736,1623960731341348864,1621074047897554944,'士大夫时刻计划','2023-02-10 21:22:54','2023-02-10 21:22:54',0),(1624041637078970368,1623957357615210496,1621074047897554944,'SDK复健科士大夫','2023-02-10 21:44:34','2023-02-10 21:44:34',0),(1624042332972761088,1623960731341348864,1621074047897554944,'算法假设代理费','2023-02-10 21:47:20','2023-02-10 21:47:20',0),(1624043724974157824,1624043665402458112,1621074047897554944,'爱斯达克辣椒水','2023-02-10 21:52:51','2023-02-10 21:52:51',0),(1624045395980677120,1624043665402458112,1621074047897554944,'as打了卡聚少离多','2023-02-10 21:59:30','2023-02-10 21:59:30',0),(1624045401663959040,1624043665402458112,1621074047897554944,'as打了卡聚少离多','2023-02-10 21:59:31','2023-02-10 21:59:31',0),(1624045477966737408,1624043665402458112,1621074047897554944,'as打了卡聚少离多','2023-02-10 21:59:49','2023-02-10 21:59:49',0),(1624045583591895040,1624043665402458112,1621074047897554944,'阿诗丹顿','2023-02-10 22:00:15','2023-02-10 22:00:15',0),(1624050600839323648,1624043665402458112,1621074047897554944,'asdasd','2023-02-10 22:20:11','2023-02-10 22:20:11',0),(1624051571082506240,1624043665402458112,1621074047897554944,'asdasd','2023-02-10 22:24:02','2023-02-10 22:24:02',0),(1624052410568261632,1624043665402458112,1621074047897554944,'是的发送到风口浪尖','2023-02-10 22:27:22','2023-02-10 22:27:22',0),(1624053329653420032,1624043665402458112,1621074047897554944,'是的发送到风口浪尖','2023-02-10 22:31:01','2023-02-10 22:31:01',0),(1624053619970547712,1624043665402458112,1621074047897554944,'好几个激活工具','2023-02-10 22:32:11','2023-02-10 22:32:11',0),(1624053700962557952,1624043665402458112,1621074047897554944,'科技馆和科技感就','2023-02-10 22:32:30','2023-02-10 22:32:30',0),(1624301229868376064,1624280639346405376,1621074047897554944,'，很快就很快就','2023-02-11 14:56:05','2023-02-11 14:56:05',0),(1625037345806458880,1624466283842596864,1575444479153295360,'哈哈哈哈','2023-02-13 15:41:09','2023-02-13 15:41:09',0),(1625038335410544640,1624466283842596864,1575444479153295360,'蓝思科技放寒假课','2023-02-13 15:45:05','2023-02-13 15:45:05',0),(1625038540113547264,1624466283842596864,1575444479153295360,'生活会','2023-02-13 15:45:54','2023-02-13 15:45:54',0),(1625112715851296768,1621778881407651840,1575444479153295360,'假假按揭啊','2023-02-13 20:40:39','2023-02-13 20:40:39',0),(1625142937980014592,1621778881407651840,1575444479153295360,'哈哈哈','2023-02-13 22:40:44','2023-02-13 22:40:44',0),(1625142939808731136,1621778881407651840,1575444479153295360,'哈哈哈','2023-02-13 22:40:45','2023-02-13 22:40:45',0),(1625142973577072640,1621778881407651840,1575444479153295360,'啊哈哈','2023-02-13 22:40:53','2023-02-13 22:40:53',0),(1625142976966070272,1621778881407651840,1575444479153295360,'啊哈哈','2023-02-13 22:40:54','2023-02-13 22:40:54',0),(1625145743558311936,1621778881407651840,1575444479153295360,'话剧社大家看','2023-02-13 22:51:53','2023-02-13 22:51:53',0),(1625145785870450688,1621778881407651840,1575444479153295360,'啊哈哈','2023-02-13 22:52:03','2023-02-13 22:52:03',0),(1625395467016290304,1624432177607979008,1575444479153295360,'哈哈哈','2023-02-14 15:24:12','2023-02-14 15:24:12',0),(1625395808889815040,1624466283842596864,1575444479153295360,'水电费卡','2023-02-14 15:25:33','2023-02-14 15:25:33',0),(1625397155592749056,1624280639346405376,1575444479153295360,'交换空间是','2023-02-14 15:30:54','2023-02-14 15:30:54',0),(1625438160975159296,1623687489930252288,1575444479153295360,'卡还是空间','2023-02-14 18:13:51','2023-02-14 18:13:51',0),(1625439186444738560,1625439107306610688,1610563829040152576,'大家觉得这几个如何','2023-02-14 18:17:55','2023-02-14 18:17:55',0),(1625442037678071808,1624280554646630400,1610563829040152576,'按键邯郸市','2023-02-14 18:29:15','2023-02-14 18:29:15',1),(1625442213457158144,1624280554646630400,1610563829040152576,'阿萨德了看见','2023-02-14 18:29:57','2023-02-14 18:29:57',1),(1625442241651269632,1624280554646630400,1610563829040152576,'asdasd','2023-02-14 18:30:04','2023-02-14 18:30:04',0),(1625442256473939968,1624280554646630400,1610563829040152576,'阿达','2023-02-14 18:30:07','2023-02-14 18:30:07',0),(1625442276921171968,1624280554646630400,1610563829040152576,'阿斯顿发的','2023-02-14 18:30:12','2023-02-14 18:30:12',0),(1625442289822851072,1624280554646630400,1610563829040152576,'啊实打实','2023-02-14 18:30:15','2023-02-14 18:30:15',0),(1625442309938733056,1624280554646630400,1610563829040152576,'爱爱','2023-02-14 18:30:20','2023-02-14 18:30:20',0),(1625442344675958784,1624280554646630400,1610563829040152576,'**','2023-02-14 18:30:28','2023-02-14 18:30:28',0),(1625442362916986880,1624280554646630400,1610563829040152576,'**','2023-02-14 18:30:33','2023-02-14 18:30:33',0),(1625442490713235456,1624280554646630400,1610563829040152576,'我***逼','2023-02-14 18:31:03','2023-02-14 18:31:03',0),(1625442520106917888,1624280554646630400,1610563829040152576,'哈哈','2023-02-14 18:31:10','2023-02-14 18:31:10',0),(1625442718665269248,1624280554646630400,1610563829040152576,'答主牛逼','2023-02-14 18:31:58','2023-02-14 18:31:58',0),(1625444192153620480,1624280554646630400,1610563829040152576,'阿斯顿撒多','2023-02-14 18:37:49','2023-02-14 18:37:49',0),(1625444293223763968,1623957355971043328,1610563829040152576,'asdasd','2023-02-14 18:38:13','2023-02-14 18:38:13',0),(1625444311603204096,1623957355971043328,1610563829040152576,'阿诗丹顿','2023-02-14 18:38:17','2023-02-14 18:38:17',0),(1625444338488692736,1623957355971043328,1610563829040152576,'asdasd','2023-02-14 18:38:24','2023-02-14 18:38:24',0),(1625444356041854976,1623957355971043328,1610563829040152576,'的算法神鼎飞丹砂','2023-02-14 18:38:28','2023-02-14 18:38:28',0),(1625444374459043840,1623957355971043328,1610563829040152576,'sdfsdfsf','2023-02-14 18:38:32','2023-02-14 18:38:32',0),(1625444392628768768,1623957355971043328,1610563829040152576,'梵蒂冈的非官方','2023-02-14 18:38:37','2023-02-14 18:38:37',0),(1625444409468899328,1623957355971043328,1610563829040152576,'电饭锅电饭锅的发','2023-02-14 18:38:41','2023-02-14 18:38:41',0),(1625444425264648192,1623957355971043328,1610563829040152576,'电饭锅电饭锅','2023-02-14 18:38:44','2023-02-14 18:38:44',0),(1625444451575517184,1623957355971043328,1610563829040152576,'电饭锅电饭锅发的','2023-02-14 18:38:51','2023-02-14 18:38:51',0),(1625444464212955136,1623957355971043328,1610563829040152576,'电饭锅电饭锅的','2023-02-14 18:38:54','2023-02-14 18:38:54',0),(1625444487046746112,1623957355971043328,1610563829040152576,'发挂号费挂号费','2023-02-14 18:38:59','2023-02-14 18:38:59',1),(1625444516046163968,1623957355971043328,1610563829040152576,'覆盖后覆盖后','2023-02-14 18:39:06','2023-02-14 18:39:06',0),(1625484068018319360,1624036651276292096,1610563829040152576,'会计师电话费会计师','2023-02-14 21:16:16','2023-02-14 21:16:16',1),(1625484983886540800,1623601900199469056,1610563829040152576,'可交换的上课间阿萨德','2023-02-14 21:19:54','2023-02-14 21:19:54',1),(1625762285077684224,1624036651276292096,1572443275490078720,'卡大豪科技','2023-02-15 15:41:49','2023-02-15 15:41:49',0),(1625762301758431232,1624036651276292096,1572443275490078720,'asdasdasd','2023-02-15 15:41:53','2023-02-15 15:41:53',0),(1625762321501020160,1624036651276292096,1572443275490078720,'圣诞歌大神圣诞哥','2023-02-15 15:41:57','2023-02-15 15:41:57',0),(1625762334889238528,1624036651276292096,1572443275490078720,'个梵蒂冈地方官','2023-02-15 15:42:00','2023-02-15 15:42:00',0),(1625762351989415936,1624036651276292096,1572443275490078720,'广东东莞东莞广东','2023-02-15 15:42:05','2023-02-15 15:42:05',0),(1625762417059848192,1624036651276292096,1572443275490078720,'************','2023-02-15 15:42:20','2023-02-15 15:42:20',0),(1625762432620716032,1624036651276292096,1572443275490078720,'爱斯达克结案率咳多久','2023-02-15 15:42:24','2023-02-15 15:42:24',0),(1625762446113792000,1624036651276292096,1572443275490078720,'士大夫塑料袋康复科剂量时','2023-02-15 15:42:27','2023-02-15 15:42:27',0),(1625762461687242752,1624036651276292096,1572443275490078720,'数得过来开了三个','2023-02-15 15:42:31','2023-02-15 15:42:31',0),(1625762475981430784,1624036651276292096,1572443275490078720,'按时间坎大哈会计师对话框','2023-02-15 15:42:34','2023-02-15 15:42:34',0),(1625762490216898560,1624036651276292096,1572443275490078720,'速度更快较好的啥客服就会上岛咖啡','2023-02-15 15:42:38','2023-02-15 15:42:38',0),(1625762508323708928,1624036651276292096,1572443275490078720,'士大夫教科书货到付款击杀点','2023-02-15 15:42:42','2023-02-15 15:42:42',0),(1625762523351900160,1624036651276292096,1572443275490078720,'是打发士大夫科**范','2023-02-15 15:42:45','2023-02-15 15:42:45',0),(1625762537415401472,1624036651276292096,1572443275490078720,'第三个士大夫客家话','2023-02-15 15:42:49','2023-02-15 15:42:49',0),(1625762550002507776,1624036651276292096,1572443275490078720,'士大夫好可怜士大夫科**范','2023-02-15 15:42:52','2023-02-15 15:42:52',0),(1625762564258947072,1624036651276292096,1572443275490078720,'圣诞哥收到回复卡视角的后方可','2023-02-15 15:42:55','2023-02-15 15:42:55',0),(1625762578985148416,1624036651276292096,1572443275490078720,'水电费卡收到回复科**范的','2023-02-15 15:42:59','2023-02-15 15:42:59',0),(1625762592813768704,1624036651276292096,1572443275490078720,'士大夫开始的几率就水电费卡','2023-02-15 15:43:02','2023-02-15 15:43:02',0),(1625762610253684736,1624036651276292096,1572443275490078720,'是的发送到基辅罗斯雕刻机费','2023-02-15 15:43:06','2023-02-15 15:43:06',0),(1625762624354934784,1624036651276292096,1572443275490078720,'速度速度开发环境看世界','2023-02-15 15:43:10','2023-02-15 15:43:10',0),(1625762638317772800,1624036651276292096,1572443275490078720,'水电费卡世纪东方了看','2023-02-15 15:43:13','2023-02-15 15:43:13',0),(1625762658286854144,1624036651276292096,1572443275490078720,'圣诞福利开始的和分类看是否','2023-02-15 15:43:18','2023-02-15 15:43:18',0),(1625762673906442240,1624036651276292096,1572443275490078720,'胜多负少了动力匡扶汉室的空间后方可','2023-02-15 15:43:21','2023-02-15 15:43:21',0),(1625763995091324928,1625763842963918848,1572443275490078720,'的是防守打法是','2023-02-15 15:48:36','2023-02-15 15:48:36',0),(1625764012220862464,1625763842963918848,1572443275490078720,'sdfsdfsdf','2023-02-15 15:48:40','2023-02-15 15:48:40',0),(1625764028201160704,1625763842963918848,1572443275490078720,'发的货东风浩荡','2023-02-15 15:48:44','2023-02-15 15:48:44',0),(1625764044189847552,1625763842963918848,1572443275490078720,'梵蒂冈的范甘迪个','2023-02-15 15:48:48','2023-02-15 15:48:48',0),(1625764061013200896,1625763842963918848,1572443275490078720,'规范化发挂号费','2023-02-15 15:48:52','2023-02-15 15:48:52',0),(1625764073633861632,1625763842963918848,1572443275490078720,'规范化发挂号费划分','2023-02-15 15:48:55','2023-02-15 15:48:55',0),(1625764089064706048,1625763842963918848,1572443275490078720,'电饭锅电饭锅给定的','2023-02-15 15:48:59','2023-02-15 15:48:59',0),(1625764105774813184,1625763842963918848,1572443275490078720,'覆盖后返回规范化规范化','2023-02-15 15:49:03','2023-02-15 15:49:03',0),(1625764118726823936,1625763842963918848,1572443275490078720,'规范化发挂号费高鸿股份和','2023-02-15 15:49:06','2023-02-15 15:49:06',0),(1625764133117480960,1625763842963918848,1572443275490078720,'发挂号费挂号费挂号费好好干','2023-02-15 15:49:09','2023-02-15 15:49:09',0),(1625764148355387392,1625763842963918848,1572443275490078720,'发挂号费挂号费和','2023-02-15 15:49:13','2023-02-15 15:49:13',0),(1625764161810714624,1625763842963918848,1572443275490078720,'发挂号费挂号费高鸿股份','2023-02-15 15:49:16','2023-02-15 15:49:16',0),(1625764177111535616,1625763842963918848,1572443275490078720,'电饭锅电饭锅大股东股份','2023-02-15 15:49:20','2023-02-15 15:49:20',0),(1625764189832859648,1625763842963918848,1572443275490078720,'电饭锅电饭锅发的个梵蒂冈','2023-02-15 15:49:23','2023-02-15 15:49:23',0),(1625764202763898880,1625763842963918848,1572443275490078720,'个复活发挂号费挂号费挂号费改','2023-02-15 15:49:26','2023-02-15 15:49:26',0),(1625764216064036864,1625763842963918848,1572443275490078720,'电饭锅电饭锅发的发鬼地方','2023-02-15 15:49:29','2023-02-15 15:49:29',0),(1625764229427089408,1625763842963918848,1572443275490078720,'电饭锅电饭锅电饭锅电饭锅','2023-02-15 15:49:32','2023-02-15 15:49:32',0),(1625787841387286528,1625786193919201280,1572443275490078720,'我艹，挺好看的','2023-02-15 17:23:22','2023-02-15 17:23:22',0);
/*!40000 ALTER TABLE `tb_comment` ENABLE KEYS */;
UNLOCK TABLES;

--
-- Table structure for table `tb_home_carousel`
--

DROP TABLE IF EXISTS `tb_home_carousel`;
/*!40101 SET @saved_cs_client     = @@character_set_client */;
/*!50503 SET character_set_client = utf8mb4 */;
CREATE TABLE `tb_home_carousel` (
  `id` int NOT NULL AUTO_INCREMENT,
  `description` varchar(30) DEFAULT NULL,
  `url` varchar(60) NOT NULL,
  `link` varchar(100) NOT NULL,
  `size` int DEFAULT NULL,
  `location` int DEFAULT NULL,
  `create_time` datetime DEFAULT CURRENT_TIMESTAMP,
  `update_time` datetime DEFAULT CURRENT_TIMESTAMP,
  PRIMARY KEY (`id`)
) ENGINE=InnoDB AUTO_INCREMENT=4 DEFAULT CHARSET=utf8mb4 COLLATE=utf8mb4_0900_ai_ci;
/*!40101 SET character_set_client = @saved_cs_client */;

--
-- Dumping data for table `tb_home_carousel`
--

LOCK TABLES `tb_home_carousel` WRITE;
/*!40000 ALTER TABLE `tb_home_carousel` DISABLE KEYS */;
INSERT INTO `tb_home_carousel` VALUES (1,'欢迎来到AC印象，这是一个二次元交流论坛','/acfile-test/homeCarousel/2023/02/14/wvak2.webp','/#/topic/1623687489930252288',19048,1,'2023-02-14 06:39:12','2023-02-15 06:51:30'),(2,'这是一个Github项目，点我跳转，来Star吧','/acfile-test/homeCarousel/2023/02/14/w4uvq.jpg','https://github.com/ggggborn/SpringCloud-acimage',27556,2,'2023-02-14 06:42:43','2023-02-15 06:52:15'),(3,'灵能百分百第三季震撼来袭','/acfile-test/homeCarousel/2023/02/15/zf6qq.jpg','/#/topic/1625786193919201280',370797,3,'2023-02-15 09:22:32','2023-02-15 09:22:32');
/*!40000 ALTER TABLE `tb_home_carousel` ENABLE KEYS */;
UNLOCK TABLES;

--
-- Table structure for table `tb_star`
--

DROP TABLE IF EXISTS `tb_star`;
/*!40101 SET @saved_cs_client     = @@character_set_client */;
/*!50503 SET character_set_client = utf8mb4 */;
CREATE TABLE `tb_star` (
  `user_id` bigint NOT NULL,
  `topic_id` bigint NOT NULL,
  `create_time` datetime DEFAULT CURRENT_TIMESTAMP,
  PRIMARY KEY (`user_id`,`topic_id`),
  KEY `index_star_topic_id` (`topic_id`)
) ENGINE=InnoDB DEFAULT CHARSET=utf8mb4 COLLATE=utf8mb4_0900_ai_ci;
/*!40101 SET character_set_client = @saved_cs_client */;

--
-- Dumping data for table `tb_star`
--

LOCK TABLES `tb_star` WRITE;
/*!40000 ALTER TABLE `tb_star` DISABLE KEYS */;
INSERT INTO `tb_star` VALUES (1571804585637974016,1573322637529608192,'2022-11-08 15:13:52'),(1571804585637974016,1575129660344836096,'2022-12-01 22:47:05'),(1571804585637974016,1578393575279321088,'2022-11-21 11:32:33'),(1571804585637974016,1578709444933029888,'2022-11-14 16:02:02'),(1571804585637974016,1584469610554998784,'2022-10-24 16:59:31'),(1571804585637974016,1586281501153615872,'2022-10-29 17:00:30'),(1572443275490078720,1573322637529608192,'2023-01-07 22:43:45'),(1572443275490078720,1575129660344836096,'2022-12-27 14:54:20'),(1572443275490078720,1578393575279321088,'2022-12-27 14:54:32'),(1572443275490078720,1578709444933029888,'2022-12-27 14:54:27'),(1572443275490078720,1578964177039986688,'2022-12-27 14:54:47'),(1572443275490078720,1579088909127155712,'2023-01-03 21:36:14'),(1572443275490078720,1610188155725148160,'2023-01-03 16:28:25'),(1572443275490078720,1624036651276292096,'2023-02-15 15:41:35'),(1572443275490078720,1624280554646630400,'2023-02-15 17:03:22'),(1572443275490078720,1625763842963918848,'2023-02-15 16:04:52'),(1572517648460795904,1573240094281240576,'2022-10-02 20:19:24'),(1572517648460795904,1575129660344836096,'2022-09-30 15:44:09'),(1575444479153295360,1572508721685839872,'2022-10-09 12:13:28'),(1575444479153295360,1573322637529608192,'2022-10-09 11:49:35'),(1575444479153295360,1573324140009017344,'2022-10-09 11:53:19'),(1575444479153295360,1573953638006116352,'2022-10-09 12:19:09'),(1575444479153295360,1574286298175799296,'2022-10-09 11:49:27'),(1575444479153295360,1575129660344836096,'2023-02-12 15:10:53'),(1575444479153295360,1575868221125820416,'2022-12-08 18:29:33'),(1575444479153295360,1578709444933029888,'2022-12-26 16:45:43'),(1575444479153295360,1579088909127155712,'2023-02-12 15:11:10'),(1575444479153295360,1618970690345091072,'2023-01-28 12:25:59'),(1575444479153295360,1621778881407651840,'2023-02-13 23:06:38'),(1575444479153295360,1623599974292512768,'2023-02-13 15:01:38'),(1575444479153295360,1623601900199469056,'2023-02-13 15:01:25'),(1575444479153295360,1623957357615210496,'2023-02-13 17:33:32'),(1575444479153295360,1624280044526989312,'2023-02-11 23:19:05'),(1575444479153295360,1624280554646630400,'2023-02-12 14:56:04'),(1575444479153295360,1624420432785027072,'2023-02-12 16:16:24'),(1578720796628017152,1572508721685839872,'2022-10-08 20:19:05'),(1578720796628017152,1573322637529608192,'2022-10-09 16:03:39'),(1578720796628017152,1575129660344836096,'2022-10-09 16:03:47'),(1578720796628017152,1575868221125820416,'2022-10-24 15:35:59'),(1578720796628017152,1578709444933029888,'2022-10-17 16:29:30'),(1578720796628017152,1578964177039986688,'2022-10-17 17:00:13'),(1578720796628017152,1579019429336363008,'2022-10-09 16:03:22'),(1578720796628017152,1579088909127155712,'2022-10-12 17:10:30'),(1578720796628017152,1583082176776892416,'2022-10-20 21:12:19'),(1610563829040152576,1573322637529608192,'2023-01-04 17:10:29'),(1610563829040152576,1575129660344836096,'2023-01-09 22:36:28'),(1610563829040152576,1579088909127155712,'2023-01-04 17:09:53'),(1610563829040152576,1625439107306610688,'2023-02-14 18:48:34'),(1621074047897554944,1573322637529608192,'2023-02-04 15:50:24'),(1621074047897554944,1575129660344836096,'2023-02-11 14:31:33'),(1621074047897554944,1579088909127155712,'2023-02-06 23:00:12'),(1621074047897554944,1621576118362976256,'2023-02-04 20:36:07'),(1621074047897554944,1623687489930252288,'2023-02-10 20:39:17'),(1621074047897554944,1623692076313505792,'2023-02-09 22:41:00'),(1621074047897554944,1623960731341348864,'2023-02-10 21:05:10'),(1621074047897554944,1624042966753067008,'2023-02-10 22:49:28'),(1621074047897554944,1624043665402458112,'2023-02-10 22:49:06'),(1621074047897554944,1624280554646630400,'2023-02-11 13:46:35'),(1621074047897554944,1624280639346405376,'2023-02-11 14:56:11');
/*!40000 ALTER TABLE `tb_star` ENABLE KEYS */;
UNLOCK TABLES;

--
-- Table structure for table `tb_tag`
--

DROP TABLE IF EXISTS `tb_tag`;
/*!40101 SET @saved_cs_client     = @@character_set_client */;
/*!50503 SET character_set_client = utf8mb4 */;
CREATE TABLE `tb_tag` (
  `id` int NOT NULL AUTO_INCREMENT,
  `label` varchar(30) NOT NULL,
  `create_time` datetime DEFAULT CURRENT_TIMESTAMP,
  `update_time` datetime DEFAULT CURRENT_TIMESTAMP,
  `deleted` tinyint DEFAULT '0',
  PRIMARY KEY (`id`),
  UNIQUE KEY `label` (`label`)
) ENGINE=InnoDB AUTO_INCREMENT=24 DEFAULT CHARSET=utf8mb4 COLLATE=utf8mb4_0900_ai_ci;
/*!40101 SET character_set_client = @saved_cs_client */;

--
-- Dumping data for table `tb_tag`
--

LOCK TABLES `tb_tag` WRITE;
/*!40000 ALTER TABLE `tb_tag` DISABLE KEYS */;
INSERT INTO `tb_tag` VALUES (1,'冒险','2023-01-28 16:51:16','2023-01-28 16:51:16',0),(2,'恋爱','2023-01-28 16:51:16','2023-01-28 16:51:16',0),(3,'剧情','2023-01-28 16:51:16','2023-01-28 16:51:16',0),(4,'搞笑','2023-01-28 16:51:16','2023-01-28 16:51:16',0),(5,'交流','2023-01-28 16:51:16','2023-01-28 16:51:16',0),(6,'温馨','2023-01-28 16:51:16','2023-01-28 16:51:16',0),(7,'原创','2023-01-28 16:51:16','2023-01-28 16:51:16',0),(8,'热血','2023-01-28 16:51:16','2023-01-28 16:51:16',0),(9,'科幻','2023-01-28 16:51:16','2023-01-28 16:51:16',0),(10,'运动','2023-01-28 16:51:16','2023-01-28 16:51:16',0),(11,'竞技','2023-01-28 16:51:16','2023-01-28 16:51:16',0),(12,'吐槽','2023-01-28 16:51:16','2023-01-28 16:51:16',0),(13,'治愈','2023-01-28 16:51:16','2023-01-28 16:51:16',0),(14,'致郁','2023-01-28 16:51:16','2023-01-28 16:51:16',0),(15,'音乐','2023-01-28 16:51:16','2023-01-28 16:51:16',0),(16,'美食','2023-01-28 16:51:16','2023-01-28 16:51:16',0),(17,'异世界','2023-01-28 16:51:16','2023-01-28 16:51:16',0),(18,'日常','2023-01-28 16:51:16','2023-01-28 16:51:16',0),(19,'校园','2023-01-28 16:51:16','2023-01-28 16:51:16',0),(20,'资讯','2023-01-28 16:51:16','2023-01-28 16:51:16',0),(21,'新番','2023-01-28 16:54:03','2023-01-28 16:54:03',0),(22,'老番','2023-01-28 16:54:03','2023-01-28 16:54:03',0),(23,'技术','2023-02-12 01:34:03','2023-02-12 01:34:03',0);
/*!40000 ALTER TABLE `tb_tag` ENABLE KEYS */;
UNLOCK TABLES;

--
-- Table structure for table `tb_tag_topic`
--

DROP TABLE IF EXISTS `tb_tag_topic`;
/*!40101 SET @saved_cs_client     = @@character_set_client */;
/*!50503 SET character_set_client = utf8mb4 */;
CREATE TABLE `tb_tag_topic` (
  `id` bigint NOT NULL,
  `topic_id` bigint NOT NULL,
  `tag_id` int NOT NULL,
  `create_time` datetime DEFAULT CURRENT_TIMESTAMP,
  `deleted` tinyint DEFAULT '0',
  PRIMARY KEY (`id`),
  KEY `topic_id` (`topic_id`),
  KEY `tag_id` (`tag_id`),
  CONSTRAINT `tb_tag_topic_ibfk_1` FOREIGN KEY (`topic_id`) REFERENCES `tb_topic` (`id`),
  CONSTRAINT `tb_tag_topic_ibfk_2` FOREIGN KEY (`tag_id`) REFERENCES `tb_tag` (`id`)
) ENGINE=InnoDB DEFAULT CHARSET=utf8mb4 COLLATE=utf8mb4_0900_ai_ci;
/*!40101 SET character_set_client = @saved_cs_client */;

--
-- Dumping data for table `tb_tag_topic`
--

LOCK TABLES `tb_tag_topic` WRITE;
/*!40000 ALTER TABLE `tb_tag_topic` DISABLE KEYS */;
INSERT INTO `tb_tag_topic` VALUES (1619274125401477120,1619274124591976448,1,'2023-01-28 18:00:11',0),(1619274125401477121,1619274124591976448,14,'2023-01-28 18:00:11',0),(1619292664917250048,1619292663809953792,16,'2023-01-28 19:13:51',0),(1619292664917250049,1619292663809953792,15,'2023-01-28 19:13:51',0),(1619305121589096448,1619305120997699584,20,'2023-01-28 20:03:21',0),(1619308884169191424,1619308883875590144,12,'2023-01-28 20:18:18',0),(1619311007132921856,1619311006533136384,21,'2023-01-28 20:26:44',1),(1619311740196597760,1619311740020436992,12,'2023-01-28 20:29:39',1),(1619644503625908224,1619644502795436032,21,'2023-01-29 18:31:56',0),(1619644503625908225,1619644502795436032,12,'2023-01-29 18:31:56',0),(1620314107289387008,1620314106559578112,22,'2023-01-31 14:52:42',0),(1620314287715762176,1620314287581544448,3,'2023-01-31 14:53:25',0),(1620321987690283008,1620321986654289920,19,'2023-01-31 15:24:01',0),(1620321987690283009,1620321986654289920,21,'2023-01-31 15:24:01',0),(1620321987690283010,1620321986654289920,11,'2023-01-31 15:24:01',0),(1620324364853968896,1620324363797004288,19,'2023-01-31 15:33:27',0),(1620324364853968897,1620324363797004288,20,'2023-01-31 15:33:27',0),(1620324364853968898,1620324363797004288,21,'2023-01-31 15:33:27',0),(1620325085464756224,1620325085330538496,1,'2023-01-31 15:36:19',0),(1620325085464756225,1620325085330538496,20,'2023-01-31 15:36:19',0),(1620325085464756226,1620325085330538496,22,'2023-01-31 15:36:19',0),(1620327540739026944,1620327540009218048,20,'2023-01-31 15:46:05',0),(1620327540739026945,1620327540009218048,11,'2023-01-31 15:46:05',0),(1620327828409561088,1620327828237594624,11,'2023-01-31 15:47:13',0),(1620327986950057984,1620327986748731392,19,'2023-01-31 15:47:51',0),(1620327986950057985,1620327986748731392,21,'2023-01-31 15:47:51',0),(1620328155355557888,1620328155225534464,20,'2023-01-31 15:48:31',0),(1620328155355557889,1620328155225534464,21,'2023-01-31 15:48:31',0),(1620328155355557890,1620328155225534464,22,'2023-01-31 15:48:31',0),(1620385596713852928,1620385596059541504,2,'2023-01-31 19:36:46',0),(1620385838217682944,1620385838091853824,19,'2023-01-31 19:37:44',0),(1620385838217682945,1620385838091853824,21,'2023-01-31 19:37:44',0),(1620386550863470592,1620386550246907904,19,'2023-01-31 19:40:34',0),(1620386550863470593,1620386550246907904,21,'2023-01-31 19:40:34',0),(1620386550863470594,1620386550246907904,13,'2023-01-31 19:40:34',0),(1620386717410893824,1620386717213761536,13,'2023-01-31 19:41:13',0),(1620733889742442496,1620733888274436096,21,'2023-02-01 18:40:46',0),(1620798038589579264,1620798036832165888,4,'2023-02-01 22:55:40',0),(1620799486400401408,1620799484177420288,19,'2023-02-01 23:01:25',0),(1620799930149376000,1620799929377624064,1,'2023-02-01 23:03:11',0),(1620800976422703104,1620800975554482176,14,'2023-02-01 23:07:20',0),(1620801367117922304,1620801365251457024,20,'2023-02-01 23:08:54',0),(1620801675940331520,1620801675424432128,3,'2023-02-01 23:10:07',0),(1620826324677951488,1620826324195606528,13,'2023-02-02 00:48:04',0),(1620836960489189376,1620836935784738816,11,'2023-02-02 01:30:20',0),(1620839998960447488,1620839998595543040,20,'2023-02-02 01:42:24',0),(1620839998960447489,1620839998595543040,11,'2023-02-02 01:42:24',0),(1620839998960447490,1620839998595543040,12,'2023-02-02 01:42:24',0),(1620843641688301568,1620843639704395776,3,'2023-02-02 01:56:53',0),(1620843641688301569,1620843639704395776,10,'2023-02-02 01:56:53',0),(1620843641692495872,1620843639704395776,11,'2023-02-02 01:56:53',0),(1620843901282164736,1620843900736905216,18,'2023-02-02 01:57:55',0),(1620843901282164737,1620843900736905216,19,'2023-02-02 01:57:55',0),(1620843901282164738,1620843900736905216,11,'2023-02-02 01:57:55',0),(1620844361787383808,1620844360919162880,3,'2023-02-02 01:59:44',0),(1620844509443661824,1620844508973899776,3,'2023-02-02 02:00:20',0),(1620845059958644736,1620845059463716864,2,'2023-02-02 02:02:31',0),(1620845059958644737,1620845059463716864,20,'2023-02-02 02:02:31',0),(1620845059958644738,1620845059463716864,11,'2023-02-02 02:02:31',0),(1620858494830350336,1620858493408481280,19,'2023-02-02 02:55:54',0),(1620858494830350337,1620858493408481280,20,'2023-02-02 02:55:54',0),(1620858494830350338,1620858493408481280,12,'2023-02-02 02:55:54',0),(1620859365660119040,1620859364087255040,3,'2023-02-02 02:59:22',0),(1620859365660119041,1620859364087255040,4,'2023-02-02 02:59:22',0),(1620859365660119042,1620859364087255040,11,'2023-02-02 02:59:22',0),(1620859989432815616,1620859989025968128,2,'2023-02-02 03:01:50',0),(1620859989432815617,1620859989025968128,19,'2023-02-02 03:01:50',0),(1620859989432815618,1620859989025968128,11,'2023-02-02 03:01:50',0),(1621076116381450240,1621076114930221056,20,'2023-02-02 17:20:39',0),(1621076116381450241,1621076114930221056,11,'2023-02-02 17:20:39',0),(1621076279707648000,1621076279246274560,2,'2023-02-02 17:21:18',0),(1621078984295530496,1621078982781386752,20,'2023-02-02 17:32:03',0),(1621078984295530497,1621078982781386752,22,'2023-02-02 17:32:03',0),(1621078984295530498,1621078982781386752,12,'2023-02-02 17:32:03',0),(1621080508409135104,1621080507809349632,19,'2023-02-02 17:38:06',0),(1621080508409135105,1621080507809349632,21,'2023-02-02 17:38:06',0),(1621080833396391936,1621080832943407104,3,'2023-02-02 17:39:24',0),(1621080833396391937,1621080832943407104,11,'2023-02-02 17:39:24',0),(1621081824887914496,1621081824330072064,11,'2023-02-02 17:43:20',0),(1621083272799432704,1621083271666970624,19,'2023-02-02 17:49:05',0),(1621083272803627008,1621083271666970624,20,'2023-02-02 17:49:05',0),(1621083578081849344,1621083577859551232,11,'2023-02-02 17:50:18',0),(1621083578081849345,1621083577859551232,12,'2023-02-02 17:50:18',0),(1621083986661584896,1621083986481229824,20,'2023-02-02 17:51:55',0),(1621083986661584897,1621083986481229824,12,'2023-02-02 17:51:55',0),(1621084306393292800,1621084304736542720,19,'2023-02-02 17:53:12',0),(1621084306393292801,1621084304736542720,4,'2023-02-02 17:53:12',0),(1621084306393292802,1621084304736542720,12,'2023-02-02 17:53:12',0),(1621085159376400384,1621085048298647552,3,'2023-02-02 17:56:35',0),(1621085159376400385,1621085048298647552,11,'2023-02-02 17:56:35',0),(1621085159376400386,1621085048298647552,12,'2023-02-02 17:56:35',0),(1621085783643922432,1621085502998847488,19,'2023-02-02 17:59:04',0),(1621085783643922433,1621085502998847488,20,'2023-02-02 17:59:04',0),(1621085783643922434,1621085502998847488,11,'2023-02-02 17:59:04',0),(1621086153254379520,1621085922697682944,11,'2023-02-02 18:00:32',0),(1621086510151901184,1621086464526262272,20,'2023-02-02 18:01:57',0),(1621088321369821184,1621088320459657216,20,'2023-02-02 18:09:09',0),(1621088321369821185,1621088320459657216,21,'2023-02-02 18:09:09',0),(1621088321369821186,1621088320459657216,11,'2023-02-02 18:09:09',0),(1621090567583248384,1621090566761164800,3,'2023-02-02 18:18:04',0),(1621091246997581824,1621091246678814720,19,'2023-02-02 18:20:46',0),(1621091781238665216,1621091780919898112,20,'2023-02-02 18:22:54',0),(1621091781238665217,1621091780919898112,21,'2023-02-02 18:22:54',0),(1621091781238665218,1621091780919898112,22,'2023-02-02 18:22:54',0),(1621093205271982080,1621093204990963712,19,'2023-02-02 18:28:33',0),(1621095680318189568,1621095679240253440,2,'2023-02-02 18:38:23',0),(1621095680318189569,1621095679240253440,10,'2023-02-02 18:38:23',0),(1621096527378853888,1621096527106224128,19,'2023-02-02 18:41:45',0),(1621096527378853889,1621096527106224128,20,'2023-02-02 18:41:45',0),(1621096527378853890,1621096527106224128,11,'2023-02-02 18:41:45',0),(1621097160471293952,1621097160228024320,20,'2023-02-02 18:44:16',0),(1621097160471293953,1621097160228024320,11,'2023-02-02 18:44:16',0),(1621097160471293954,1621097160228024320,12,'2023-02-02 18:44:16',0),(1621103677027123200,1621103675953381376,11,'2023-02-02 19:10:10',0),(1621103978199121920,1621103977871966208,3,'2023-02-02 19:11:22',0),(1621103978199121921,1621103977871966208,19,'2023-02-02 19:11:22',0),(1621103978199121922,1621103977871966208,20,'2023-02-02 19:11:22',0),(1621117313342877696,1621117263086727168,11,'2023-02-02 20:04:21',0),(1621120770682404864,1621120769445085184,11,'2023-02-02 20:18:05',0),(1621121127122747392,1621121126866894848,4,'2023-02-02 20:19:30',0),(1621121127122747393,1621121126866894848,5,'2023-02-02 20:19:30',0),(1621121127122747394,1621121126866894848,12,'2023-02-02 20:19:30',0),(1621122309790724096,1621122308209471488,20,'2023-02-02 20:24:12',0),(1621122309790724097,1621122308209471488,21,'2023-02-02 20:24:12',0),(1621122309790724098,1621122308209471488,11,'2023-02-02 20:24:12',0),(1621123824764952576,1621123823305334784,11,'2023-02-02 20:30:14',0),(1621124068588232704,1621124068303020032,19,'2023-02-02 20:31:12',0),(1621124068588232705,1621124068303020032,20,'2023-02-02 20:31:12',0),(1621142848781520896,1621142847502258176,19,'2023-02-02 21:45:49',0),(1621142848781520897,1621142847502258176,11,'2023-02-02 21:45:49',0),(1621143517210947584,1621143515449339904,3,'2023-02-02 21:48:29',0),(1621143517210947585,1621143515449339904,20,'2023-02-02 21:48:29',0),(1621145867636002816,1621145866046361600,12,'2023-02-02 21:57:49',0),(1621145867636002817,1621145866046361600,13,'2023-02-02 21:57:49',0),(1621146231466708992,1621146231143747584,20,'2023-02-02 21:59:16',0),(1621146231466708993,1621146231143747584,11,'2023-02-02 21:59:16',0),(1621146231466708994,1621146231143747584,12,'2023-02-02 21:59:16',0),(1621147004917358592,1621147003281580032,20,'2023-02-02 22:02:20',0),(1621147004917358593,1621147003281580032,11,'2023-02-02 22:02:20',0),(1621147004917358594,1621147003281580032,12,'2023-02-02 22:02:20',0),(1621147364377600000,1621147364075610112,6,'2023-02-02 22:03:46',0),(1621147789231235072,1621147788803416064,19,'2023-02-02 22:05:27',0),(1621147789231235073,1621147788803416064,21,'2023-02-02 22:05:27',0),(1621147789231235074,1621147788803416064,13,'2023-02-02 22:05:27',0),(1621150187475542016,1621150187320352768,19,'2023-02-02 22:14:59',0),(1621150187475542017,1621150187320352768,11,'2023-02-02 22:14:59',0),(1621150187475542018,1621150187320352768,12,'2023-02-02 22:14:59',0),(1621150624077422592,1621150623649603584,4,'2023-02-02 22:16:43',0),(1621150624077422593,1621150623649603584,12,'2023-02-02 22:16:43',0),(1621150624077422594,1621150623649603584,13,'2023-02-02 22:16:43',0),(1621165290581245952,1621165289096462336,3,'2023-02-02 23:15:00',0),(1621165290581245953,1621165289096462336,19,'2023-02-02 23:15:00',0),(1621168258428813312,1621168257074053120,19,'2023-02-02 23:26:47',0),(1621168258428813313,1621168257074053120,20,'2023-02-02 23:26:47',0),(1621168258428813314,1621168257074053120,12,'2023-02-02 23:26:47',0),(1621169951027519488,1621169949517570048,3,'2023-02-02 23:33:31',0),(1621169951027519489,1621169949517570048,11,'2023-02-02 23:33:31',0),(1621170730421477376,1621170730052378624,11,'2023-02-02 23:36:37',0),(1621170730421477377,1621170730052378624,12,'2023-02-02 23:36:37',0),(1621171937894490112,1621171937596694528,21,'2023-02-02 23:41:25',0),(1621171937894490113,1621171937596694528,12,'2023-02-02 23:41:25',0),(1621171937894490114,1621171937596694528,14,'2023-02-02 23:41:25',0),(1621173023560720384,1621173023229370368,20,'2023-02-02 23:45:43',0),(1621173023560720385,1621173023229370368,12,'2023-02-02 23:45:43',0),(1621173023560720386,1621173023229370368,13,'2023-02-02 23:45:43',0),(1621173907241832448,1621173906025484288,21,'2023-02-02 23:49:14',0),(1621173907241832449,1621173906025484288,12,'2023-02-02 23:49:14',0),(1621173907241832450,1621173906025484288,13,'2023-02-02 23:49:14',0),(1621180106280534016,1621180104305016832,3,'2023-02-03 00:13:52',0),(1621180106280534017,1621180104305016832,4,'2023-02-03 00:13:52',0),(1621180106280534018,1621180104305016832,12,'2023-02-03 00:13:52',0),(1621183115647533056,1621183114108223488,4,'2023-02-03 00:25:50',0),(1621183115647533057,1621183114108223488,21,'2023-02-03 00:25:50',0),(1621183115647533058,1621183114108223488,13,'2023-02-03 00:25:50',0),(1621404308891856896,1621404307025391616,11,'2023-02-03 15:04:46',0),(1621572879081025536,1621572877562687488,19,'2023-02-04 02:14:36',0),(1621572879081025537,1621572877562687488,10,'2023-02-04 02:14:36',0),(1621572879081025538,1621572877562687488,11,'2023-02-04 02:14:36',0),(1621576118589468672,1621576118362976256,20,'2023-02-04 02:27:29',0),(1621576118589468673,1621576118362976256,21,'2023-02-04 02:27:29',0),(1621576118589468674,1621576118362976256,12,'2023-02-04 02:27:29',0),(1621778882833715200,1621778881407651840,20,'2023-02-04 15:53:12',0),(1621778882833715201,1621778881407651840,11,'2023-02-04 15:53:12',0),(1621778882833715202,1621778881407651840,12,'2023-02-04 15:53:12',0),(1621850307565199360,1621850305942003712,11,'2023-02-04 20:37:01',0),(1622603233556463616,1622603231689998336,3,'2023-02-06 22:28:52',0),(1622603233556463617,1622603231689998336,12,'2023-02-06 22:28:52',0),(1622603233556463618,1622603231689998336,13,'2023-02-06 22:28:52',0),(1622604499997196288,1622604499678429184,4,'2023-02-06 22:33:54',0),(1622604499997196289,1622604499678429184,21,'2023-02-06 22:33:54',0),(1622604499997196290,1622604499678429184,12,'2023-02-06 22:33:54',0),(1622615362149842944,1622615361826881536,21,'2023-02-06 23:17:04',0),(1622615362149842945,1622615361826881536,13,'2023-02-06 23:17:04',0),(1622873274252390400,1622873272885047296,19,'2023-02-07 16:21:55',0),(1622873274252390401,1622873272885047296,21,'2023-02-07 16:21:55',0),(1622873274252390402,1622873272885047296,11,'2023-02-07 16:21:55',0),(1623599977043976192,1623599974292512768,3,'2023-02-09 16:29:34',0),(1623599977043976193,1623599974292512768,10,'2023-02-09 16:29:34',0),(1623599977043976194,1623599974292512768,13,'2023-02-09 16:29:34',0),(1623601900539207680,1623601900199469056,20,'2023-02-09 16:37:13',0),(1623601900539207681,1623601900199469056,13,'2023-02-09 16:37:13',0),(1623601900539207682,1623601900199469056,14,'2023-02-09 16:37:13',0),(1623602333701758976,1623602333382991872,19,'2023-02-09 16:38:56',0),(1623602333701758977,1623602333382991872,11,'2023-02-09 16:38:56',0),(1623602333701758978,1623602333382991872,12,'2023-02-09 16:38:56',0),(1623602437426896896,1623602437112324096,18,'2023-02-09 16:39:21',0),(1623602437426896897,1623602437112324096,3,'2023-02-09 16:39:21',0),(1623602437426896898,1623602437112324096,11,'2023-02-09 16:39:21',0),(1623684071262081024,1623684069655662592,20,'2023-02-09 22:03:44',0),(1623684071262081025,1623684069655662592,21,'2023-02-09 22:03:44',0),(1623684071262081026,1623684069655662592,11,'2023-02-09 22:03:44',0),(1623687491750580224,1623687489930252288,20,'2023-02-09 22:17:19',0),(1623687491750580225,1623687489930252288,21,'2023-02-09 22:17:19',0),(1623687491750580226,1623687489930252288,13,'2023-02-09 22:17:19',0),(1623689638827356160,1623689637107691520,20,'2023-02-09 22:25:51',0),(1623689638831550464,1623689637107691520,21,'2023-02-09 22:25:51',0),(1623689638831550465,1623689637107691520,22,'2023-02-09 22:25:51',0),(1623690628980895744,1623690628699877376,20,'2023-02-09 22:29:47',0),(1623690628980895745,1623690628699877376,21,'2023-02-09 22:29:47',0),(1623690628980895746,1623690628699877376,12,'2023-02-09 22:29:47',0),(1623692078096084992,1623692076313505792,20,'2023-02-09 22:35:33',0),(1623692078096084993,1623692076313505792,12,'2023-02-09 22:35:33',0),(1623692078096084994,1623692076313505792,13,'2023-02-09 22:35:33',0),(1623707121705668608,1623707119923089408,20,'2023-02-09 23:35:19',0),(1623707121705668609,1623707119923089408,21,'2023-02-09 23:35:19',0),(1623707121705668610,1623707119923089408,12,'2023-02-09 23:35:19',0),(1623957357401300992,1623957355971043328,21,'2023-02-10 16:09:40',0),(1623957357401300993,1623957355971043328,12,'2023-02-10 16:09:40',0),(1623957357401300994,1623957355971043328,14,'2023-02-10 16:09:40',0),(1623957357858480128,1623957357615210496,21,'2023-02-10 16:09:40',0),(1623957357858480129,1623957357615210496,12,'2023-02-10 16:09:40',0),(1623957357858480130,1623957357615210496,14,'2023-02-10 16:09:40',0),(1623960732800966656,1623960731341348864,19,'2023-02-10 16:23:05',0),(1623960732800966657,1623960731341348864,10,'2023-02-10 16:23:05',0),(1623960732800966658,1623960731341348864,11,'2023-02-10 16:23:05',0),(1624036652920459264,1624036651276292096,19,'2023-02-10 21:24:46',0),(1624036652920459265,1624036651276292096,20,'2023-02-10 21:24:46',0),(1624036652920459266,1624036651276292096,12,'2023-02-10 21:24:46',0),(1624042629614911488,1624042628012687360,20,'2023-02-10 21:48:31',0),(1624042629614911489,1624042628012687360,21,'2023-02-10 21:48:31',0),(1624042629614911490,1624042628012687360,11,'2023-02-10 21:48:31',0),(1624042967042473984,1624042966753067008,19,'2023-02-10 21:49:51',0),(1624042967042473985,1624042966753067008,20,'2023-02-10 21:49:51',0),(1624042967042473986,1624042966753067008,22,'2023-02-10 21:49:51',0),(1624043666996293632,1624043665402458112,20,'2023-02-10 21:52:38',0),(1624043666996293633,1624043665402458112,11,'2023-02-10 21:52:38',0),(1624280046422814720,1624280044526989312,19,'2023-02-11 13:31:55',0),(1624280046422814721,1624280044526989312,20,'2023-02-11 13:31:55',0),(1624280046422814722,1624280044526989312,11,'2023-02-11 13:31:55',0),(1624280554969591808,1624280554646630400,20,'2023-02-11 13:33:57',0),(1624280554969591809,1624280554646630400,21,'2023-02-11 13:33:57',0),(1624280639656783872,1624280639346405376,12,'2023-02-11 13:34:17',0),(1624280639656783873,1624280639346405376,13,'2023-02-11 13:34:17',0),(1624327124817551360,1624327122976251904,20,'2023-02-11 16:39:00',0),(1624327124817551361,1624327122976251904,11,'2023-02-11 16:39:00',0),(1624327124817551362,1624327122976251904,13,'2023-02-11 16:39:00',0),(1624420434349502464,1624420432785027072,20,'2023-02-11 22:49:46',0),(1624420434349502465,1624420432785027072,10,'2023-02-11 22:49:46',0),(1624420434349502466,1624420432785027072,12,'2023-02-11 22:49:46',0),(1624430544287281152,1624430544048205824,20,'2023-02-11 23:29:57',0),(1624430544287281153,1624430544048205824,11,'2023-02-11 23:29:57',0),(1624430544287281154,1624430544048205824,12,'2023-02-11 23:29:57',0),(1624432178094518272,1624432177607979008,20,'2023-02-11 23:36:26',0),(1624432178094518273,1624432177607979008,12,'2023-02-11 23:36:26',0),(1624466285709062144,1624466283842596864,19,'2023-02-12 01:51:58',0),(1624466285709062145,1624466283842596864,20,'2023-02-12 01:51:58',0),(1624466285709062146,1624466283842596864,11,'2023-02-12 01:51:58',0),(1625045574489837568,1625045572644343808,19,'2023-02-13 16:13:52',1),(1625045574489837569,1625045572644343808,20,'2023-02-13 16:13:52',1),(1625045574489837570,1625045572644343808,11,'2023-02-13 16:13:52',1),(1625109520651481088,1625109519082811392,19,'2023-02-13 20:27:57',0),(1625109520651481089,1625109519082811392,4,'2023-02-13 20:27:57',0),(1625109520651481090,1625109519082811392,12,'2023-02-13 20:27:57',0),(1625145873799839744,1625145872046620672,21,'2023-02-13 22:52:25',0),(1625145873799839745,1625145872046620672,12,'2023-02-13 22:52:25',0),(1625145873799839746,1625145872046620672,13,'2023-02-13 22:52:25',0),(1625395958353838080,1625395956340572160,19,'2023-02-14 15:26:10',0),(1625395958353838081,1625395956340572160,11,'2023-02-14 15:26:10',0),(1625439108850114560,1625439107306610688,18,'2023-02-14 18:17:37',0),(1625439108850114561,1625439107306610688,4,'2023-02-14 18:17:37',0),(1625439108850114562,1625439107306610688,7,'2023-02-14 18:17:37',0),(1625501684728459264,1625501683403059200,20,'2023-02-14 22:26:17',0),(1625501684728459265,1625501683403059200,11,'2023-02-14 22:26:17',0),(1625501684728459266,1625501683403059200,12,'2023-02-14 22:26:17',0),(1625502898853638144,1625502898606174208,20,'2023-02-14 22:31:06',0),(1625502898853638145,1625502898606174208,12,'2023-02-14 22:31:06',0),(1625502898853638146,1625502898606174208,13,'2023-02-14 22:31:06',0),(1625523618191007744,1625523616639115264,20,'2023-02-14 23:53:26',0),(1625523618191007745,1625523616639115264,11,'2023-02-14 23:53:26',0),(1625523618191007746,1625523616639115264,12,'2023-02-14 23:53:26',0),(1625763844465479680,1625763842963918848,3,'2023-02-15 15:48:00',0),(1625763844465479681,1625763842963918848,11,'2023-02-15 15:48:00',0),(1625763844465479682,1625763842963918848,12,'2023-02-15 15:48:00',0),(1625786194305077248,1625786193919201280,19,'2023-02-15 17:16:49',0),(1625786194305077249,1625786193919201280,6,'2023-02-15 17:16:49',0),(1625802325388509184,1625802323819839488,19,'2023-02-15 18:20:55',0),(1625802325388509185,1625802323819839488,4,'2023-02-15 18:20:55',0),(1625802325388509186,1625802323819839488,12,'2023-02-15 18:20:55',0),(1625837420996538368,1625837419528531968,19,'2023-02-15 20:40:22',0),(1625837420996538369,1625837419528531968,11,'2023-02-15 20:40:22',0);
/*!40000 ALTER TABLE `tb_tag_topic` ENABLE KEYS */;
UNLOCK TABLES;

--
-- Table structure for table `tb_topic`
--

DROP TABLE IF EXISTS `tb_topic`;
/*!40101 SET @saved_cs_client     = @@character_set_client */;
/*!50503 SET character_set_client = utf8mb4 */;
CREATE TABLE `tb_topic` (
  `id` bigint NOT NULL,
  `user_id` bigint NOT NULL,
  `title` varchar(30) NOT NULL COMMENT '长度≥4',
  `content` varchar(600) NOT NULL,
  `cover_image_url` varchar(100) DEFAULT NULL,
  `star_count` int DEFAULT '0',
  `comment_count` int DEFAULT '0',
  `page_view` int DEFAULT '0',
  `activity_time` datetime DEFAULT CURRENT_TIMESTAMP,
  `create_time` datetime DEFAULT CURRENT_TIMESTAMP,
  `update_time` datetime DEFAULT CURRENT_TIMESTAMP,
  `deleted` tinyint DEFAULT '0',
  `category_id` int NOT NULL,
  PRIMARY KEY (`id`),
  KEY `fk_topic_user_id` (`user_id`),
  KEY `fk_topic_category_id_idx` (`category_id`),
  CONSTRAINT `fk_topic_category_id` FOREIGN KEY (`category_id`) REFERENCES `tb_category` (`id`),
  CONSTRAINT `fk_topic_user_id` FOREIGN KEY (`user_id`) REFERENCES `tb_cmty_user` (`id`)
) ENGINE=InnoDB DEFAULT CHARSET=utf8mb4 COLLATE=utf8mb4_0900_ai_ci;
/*!40101 SET character_set_client = @saved_cs_client */;

--
-- Dumping data for table `tb_topic`
--

LOCK TABLES `tb_topic` WRITE;
/*!40000 ALTER TABLE `tb_topic` DISABLE KEYS */;
INSERT INTO `tb_topic` VALUES (1572508721685839872,1572443275490078720,'测试test---超级长标题超级长标题超级长标题超级长标题超','test-test','topicImage/2022/12/02/1572508721903943680',2,14,57,'2023-02-06 23:21:36','2022-09-21 16:51:09','2022-09-26 20:51:22',0,1),(1573240094281240576,1572443275490078720,'xlg不是变态','牛逼吧！！！','topicImage/2022/12/02/1573240094587424768',1,2,43,'2022-10-07 21:28:55','2022-09-23 17:17:22','2022-09-26 21:42:49',0,1),(1573322637529608192,1572443275490078720,'刀剑爱丽丝','<p style=\"text-align: center;\">刀剑迷冒泡！！</p>\n<p style=\"text-align: center;\"><span style=\"color: rgb(241, 196, 15);\">全体起立</span>🥳</p>\n<p style=\"text-align: center;\"><strong>哈</strong><sup>哈</sup><strong>哈</strong></p>','topicImage/2022/12/02/1573322637990981632',6,10,81,'2023-02-04 02:28:27','2022-09-23 22:45:22','2023-01-07 14:42:27',0,1),(1573324140009017344,1572443275490078720,'背景图一张','这个二次元三次元混合图片如何','topicImage/2022/12/02/1573324140340367360',1,3,48,'2022-09-26 21:43:34','2022-09-23 22:51:20','2022-09-23 22:51:20',0,1),(1573953638006116352,1572443275490078720,'来几张JK','这几张如何，画师牛逼','topicImage/2022/12/02/1573953638224220160',1,5,20,'2022-09-25 16:33:03','2022-09-25 16:32:44','2022-09-25 16:32:44',0,1),(1574286298175799296,1572443275490078720,'愤怒愤怒','愤怒狗头哈哈哈','topicImage/2022/12/02/1574286298305822720',1,2,18,'2022-10-07 22:18:04','2022-09-26 14:34:36','2022-09-26 14:34:36',0,1),(1575129660344836096,1572517648460795904,'这个妹子如何','二次元yyds！！！','topicImage/2022/12/02/1575129660659408896',7,15,107,'2023-02-06 23:03:58','2022-09-28 22:25:50','2022-09-30 15:44:18',0,1),(1575868221125820416,1572517648460795904,'中忍、大忍','物语系列快来看','topicImage/2022/12/02/1575868221272621056',2,4,45,'2022-09-30 23:20:54','2022-09-30 23:20:36','2022-09-30 23:20:36',0,1),(1578393575279321088,1572517648460795904,'双重狗头','999999999999997','topicImage/2022/12/02/1578393575283515392',2,6,23,'2022-12-26 10:19:22','2022-10-07 22:35:28','2022-10-07 22:36:11',0,1),(1578709444933029888,1575444479153295360,'水源千鹤天下哈哈人生第一','我wk就说水源千鹤yyds','topicImage/2022/12/02/1578709444954001408',4,3,35,'2023-01-28 21:01:09','2022-10-08 19:30:37','2023-01-28 21:01:09',0,1),(1578964177039986688,1575444479153295360,'404之神','404哈哈哈','topicImage/2022/12/02/1578964177170010112',2,3,25,'2023-01-03 14:34:24','2022-10-09 12:22:50','2022-10-09 12:22:50',0,1),(1579019429336363008,1578720796628017152,'百合贴贴','我周哥就爱看这个','topicImage/2022/12/02/1579019429604798464',1,1,11,'2022-11-14 15:58:33','2022-10-09 16:02:23','2022-10-09 16:02:23',0,1),(1579088909127155712,1578720796628017152,'请问这个是谁','义勇？？？？','topicImage/2022/12/02/1579088909441728512',5,3,15,'2023-02-06 23:00:50','2022-10-09 20:38:28','2022-10-09 20:38:45',0,1),(1583082176776892416,1578720796628017152,'868767','5465464','topicImage/2022/12/02/1583082177125019648',1,0,2,'2022-10-20 21:06:17','2022-10-20 21:06:17','2022-10-20 21:06:17',0,1),(1584469610554998784,1571804585637974016,'xlg2的分享','小号测试一下','topicImage/2022/12/02/1584469610789879808',1,1,1,'2022-10-24 17:00:10','2022-10-24 16:59:27','2022-10-24 16:59:27',0,1),(1585529145054986240,1571804585637974016,'相似图片测试（藤原千花）','以图搜图看下牛不牛','topicImage/2022/12/02/1585529145067569152',0,0,1,'2022-10-27 15:09:40','2022-10-27 15:09:40','2022-10-27 15:09:40',0,1),(1586281501153615872,1571804585637974016,'测试修改为“话题”后','测试修改为“话题”后sadad','topicImage/2022/12/02/1586281501346553856',1,4,5,'2022-10-29 16:59:46','2022-10-29 16:59:16','2022-11-21 11:34:03',0,1),(1610188155725148160,1572443275490078720,'test 用户-社区-图片 服务拆分','<p style=\"text-align: center;\">😀成功吧</p>\n<p style=\"text-align: left;\">😇</p>\n<p style=\"text-align: center;\">🤑</p>\n<p style=\"text-align: center;\"><s><strong>asdasd</strong></s></p>','topicImage/2023/01/03/1610188153128869888.png',1,1,6,'2023-01-03 08:44:32','2023-01-03 08:15:47','2023-01-03 16:15:46',0,1),(1611727027223252992,1610563829040152576,'这张爱丽丝壁纸666','<p style=\"text-align: center;\">😎好+美+呀🥰</p>','topicImage/2023/01/07/1611727025084055552.jpeg',0,2,3,'2023-01-10 06:09:11','2023-01-07 14:10:42','2023-01-10 06:09:11',0,1),(1618128090620764160,1575444479153295360,'test','<p>asd<strong>asdasdaasdasda😉😊</strong></p>','/555/coverImage/2023/01/25/1618128090620764160',0,0,3,'2023-01-25 06:06:15','2023-01-25 06:06:15','2023-01-25 06:06:15',0,1),(1618130841010540544,1575444479153295360,'test 富文本**图片','asd&nbsp; asdasd\nasdjha😉🙃🙃\n\n\n\nasdas\nzdcz\nasdasd\n\n\nadssad\ncxzc\nsaf\n\n\n','/555/coverImage/2023/01/25/1618130841010540544',0,0,0,'2023-01-25 06:17:11','2023-01-25 06:17:11','2023-01-25 06:17:11',1,1),(1618136269039628288,1575444479153295360,'asdasd','\n咳咳咳奶你按\n\n\n\nsdas\nxxxxx\nyyyy\n\n\n\n&nbsp;\nasda😀😉😎','/555/coverImage/2023/01/25/1618136269039628288.jpeg',0,0,2,'2023-01-25 06:38:45','2023-01-25 06:38:45','2023-01-25 06:38:45',1,1),(1618259943113637888,1575444479153295360,'xxxxxxxxxxxxx','sdasdasdcsacsascasdasasd😉😘😘asdxxxxxxxxxxxxxxxxxxxxxxx','/555/coverImage/2023/01/25/1618259943113637888.jpeg',0,0,1,'2023-01-25 14:50:11','2023-01-25 14:50:11','2023-01-25 14:50:11',0,1),(1618262833844727808,1575444479153295360,'54444','********        53354  54345  453453  *********        asfdadsdf  😐','/555/coverImage/2023/01/25/1618262833844727808.png',0,0,1,'2023-01-25 15:01:40','2023-01-25 15:01:40','2023-01-25 15:01:40',0,1),(1618264184276398080,1575444479153295360,'543221','********  3123213  312313  312313','/555/coverImage/2023/01/25/1618264184276398080.jpg',0,0,1,'2023-01-25 15:07:02','2023-01-25 15:07:02','2023-01-25 15:07:02',0,1),(1618265893711130624,1575444479153295360,'********','7**7**  ***************  *************\\  *********  345688  8**868','/555/coverImage/2023/01/25/1618265893711130624.jpeg',0,0,1,'2023-01-25 15:13:50','2023-01-25 15:13:50','2023-01-25 15:13:50',0,1),(1618266767728680960,1575444479153295360,'3544444','54444444 546546876 54****5** 27876345153487 879453156','/555/coverImage/2023/01/25/1618266767728680960.png',0,0,0,'2023-01-25 15:17:18','2023-01-25 15:17:18','2023-01-25 15:17:18',1,1),(1618300477341548544,1575444479153295360,'44578**5634','7894568794568798898989 5445**7865343120800334 587**5305**053043876 87067653437**2424','/555/coverImage/2023/01/26/1618300477341548544.jpeg',0,0,2,'2023-01-25 17:31:15','2023-01-25 17:31:15','2023-01-25 17:31:15',0,1),(1618600682196652032,1575444479153295360,'55图片哈希',' tas5d4a5d45asd**asd4a sadfajshdas av av😬😚 784515484asdasd','/555/coverImage/2023/01/26/1618600682196652032.jpeg',0,1,1,'2023-01-26 13:28:22','2023-01-26 13:24:09','2023-01-26 13:28:22',1,1),(1618602902631833600,1575444479153295360,'skjhksjdfhs',' sjdghajdasd 😀 jasgdhj akfa5 54ddassda','/555/coverImage/2023/01/26/1618602902631833600.jpg',0,0,1,'2023-01-26 13:32:59','2023-01-26 13:32:59','2023-01-26 13:32:59',0,1),(1618604290518675456,1575444479153295360,'3564456',' asjdgaj ','/555/coverImage/2023/01/26/1618604290518675456.png',0,0,1,'2023-01-26 13:38:30','2023-01-26 13:38:30','2023-01-26 13:38:30',0,1),(1618606131486781440,1575444479153295360,'3546.456.',' 25454 ','/555/coverImage/2023/01/26/1618606131486781440.jpeg',0,0,1,'2023-01-26 13:45:49','2023-01-26 13:45:49','2023-01-26 13:45:49',0,1),(1618606828403945472,1575444479153295360,'5450454',' asdasjkdja ','/555/coverImage/2023/01/26/1618606828403945472.jpg',0,0,1,'2023-01-26 13:48:35','2023-01-26 13:48:35','2023-01-26 13:48:35',0,1),(1618608067938217984,1575444479153295360,'+++asdasd',' asjdga hdk','/555/coverImage/2023/01/26/1618608067938217984.jpeg',0,0,2,'2023-01-26 13:53:30','2023-01-26 13:53:30','2023-01-26 13:53:30',0,1),(1618609617528025088,1575444479153295360,'sdfad','sad a ','/555/coverImage/2023/01/26/1618609617528025088.jpg',0,0,1,'2023-01-26 13:59:40','2023-01-26 13:59:40','2023-01-26 13:59:40',0,1),(1618610038002806784,1575444479153295360,'s**adasd',' sadasdasd','/555/coverImage/2023/01/26/1618610038002806784.jpeg',0,0,1,'2023-01-26 14:01:20','2023-01-26 14:01:20','2023-01-26 14:01:20',0,1),(1618611407606640640,1575444479153295360,'hagdsjasd','asdasdhasjd xan**xjhashgd ','/555/coverImage/2023/01/26/1618611407606640640.png',0,0,1,'2023-01-26 14:06:47','2023-01-26 14:06:47','2023-01-26 14:06:47',0,1),(1618614157170044928,1575444479153295360,'45654','456456 45656 45654 645 64 6','/555/coverImage/2023/01/26/1618614157170044928.png',0,0,1,'2023-01-26 14:17:42','2023-01-26 14:17:42','2023-01-26 14:17:42',0,1),(1618615121503449088,1575444479153295360,'sdfadf','asdasd ','/555/coverImage/2023/01/26/1618615121503449088.jpg',0,0,1,'2023-01-26 14:21:32','2023-01-26 14:21:32','2023-01-26 14:21:32',0,1),(1618616545868115968,1575444479153295360,'45645',' 45645','/555/coverImage/2023/01/26/1618616545868115968.png',0,0,1,'2023-01-26 14:27:12','2023-01-26 14:27:12','2023-01-26 14:27:12',0,1),(1618617542145339392,1575444479153295360,'8888888888',' asjdhjds','/555/coverImage/2023/01/26/1618617542145339392.png',0,0,2,'2023-01-26 14:31:09','2023-01-26 14:31:09','2023-01-26 14:31:09',0,1),(1618893703370870784,1575444479153295360,'同步es**','萧利刚好帅 整天** **','/555/coverImage/2023/01/27/1618893703370870784.jpeg',0,0,2,'2023-01-27 08:48:31','2023-01-27 08:48:31','2023-01-27 08:48:31',0,1),(1618895484037476352,1575444479153295360,'同步es测试3','萧利刚牛* 爱神*箭可好看 按键收到货阿萨德较好* 奥数对接口和发时刻计划阿数分课间哈克闪电发货 阿数据返回阿康师傅几哈开始减肥哈萨克分解后看','/555/coverImage/2023/01/27/1618895484037476352.jpeg',0,0,2,'2023-01-27 08:55:36','2023-01-27 08:55:36','2023-01-27 08:55:36',0,1),(1618897237357211648,1575444479153295360,'jskdfhkajd','sadads','/555/coverImage/2023/01/27/1618897237357211648.png',0,0,2,'2023-01-27 09:02:34','2023-01-27 09:02:34','2023-01-27 09:02:34',0,1),(1618901013015130112,1575444479153295360,'ajslkdhkasd','asda d fafasdfjhas asdasdas','/555/coverImage/2023/01/27/1618901013015130112.png',0,0,2,'2023-01-27 09:17:34','2023-01-27 09:17:34','2023-01-27 09:17:34',0,1),(1618901736687759360,1575444479153295360,'es测试成*','啊哈哈哈哈哈哈 hjjf 结果UI个***脚后跟j hgh','/555/coverImage/2023/01/27/1618901736687759360.png',0,0,5,'2023-01-27 13:20:24','2023-01-27 09:20:26','2023-01-27 13:20:24',0,1),(1618910736292577280,1575444479153295360,'长文*测试','据**《福布斯》网站26*报道，微软公司联合创始人比尔&middot;盖茨*前在澳大利亚接受采访时表示，**近几十年来*崛起是&ldquo;世界*巨大胜利&rdquo;。他还说，**如今在**上&ldquo;更为衰弱&rdquo;，像**这样*国家需要在世界治理中发挥更大*作用。 **福克斯商业网站称，盖茨是周一（23*）在澳大利亚智库洛伊国际政策研究所参加活动时发表上述言论*。当被问及对**有多&ldquo;看好&rdquo;时，他指出，**占据了全球人口数量*近20%，如今其在全球经济中*比重与其在全球人口中*比重完全匹配，&ldquo;我倾向于将**崛起视为世界*巨大胜利&rdquo;。 盖茨还称，**当前对***心态是一种&ldquo;双输心态&rdquo;，而**也对此给予相对*回应。他说：&ldquo;如果你问**政客，&lsquo;嘿，你希望**经济收缩20%还是增长20%&rsquo;？恐怕他们会投票支持&lsquo;是*，让我们去搞穷那些人&rsquo;，而不明白对于全球经济、癌症药物*发明、气候变化*解决来说，我们都休戚与共。&rdquo;','/555/coverImage/2023/01/27/1618910736292577280.jpeg',0,0,1,'2023-01-27 09:56:12','2023-01-27 09:56:12','2023-01-27 09:56:12',1,1),(1618942799544606720,1575444479153295360,'测试删除同步','😎 😁 **是很难的，那堆在广西北海驻扎的坑**滓耗得起时间。有时间的可以搞一下。 我在2020时候去过广西，当时到了北海打的士（别问为啥，问就是当时*风） **问**大哥哪里有好吃，接下来是标准剧情，对的，被坑了，也不多，就是几百块。 后面滴滴回去酒店，没*住问了滴滴**。 滴滴**这么和我说：&ldquo;我有常去的店，但我不能推荐你去，因为会坑你。我建议你也别问那些的士或者其他滴滴**，很大可能也会把你带去其他很差的店，你真的要去，去大众点评什么，或者去那个风情街，那个风情街之前被整顿了好多次，里面的都是比较规矩的，不会乱来，我建议去那里看看，别相信什么小店，都是坑人的。&rdquo; 结合最近看的三亚新闻，旅游城市的乱不是一年半年，更不要说刚**，何止是薅羊毛，直接把羊吃到骨头都没了。 作者：辉少**：https://*************/question/580710297/answer/2861955658来源：知乎著作*归作者所有。商业转载请**作者获得授*，非商业转载请注明出处。','/555/coverImage/2023/01/27/1618942799544606720.jpg',0,0,3,'2023-01-27 12:58:54','2023-01-27 12:03:37','2023-01-27 12:58:54',0,1),(1618962809390370816,1575444479153295360,'skjdfhjkdsf',' 需求的前提是抓痛点，痛点的前提是有痛感。一个人连痛感都没有，你告诉他背上有只老虎，让他掸一掸，他不觉得你更需要健康建议就不错了。在他们的认知里，你那个制氧机，就是用来掸老虎的拂尘，拿来打扫卫生都嫌不好用，没给你扔了就是单纯因为不想糟蹋东西，哪怕他们对这个东西的价值一无所知。 所以要想让他们用制氧机，就要用魔法打败魔法。比如告诉他们这个制氧机可以预防新冠，再比如说每吸氧多一小时，可以延长寿命25分钟，所以晚上睡觉挂机等于白捡寿命。把这个收益说得越简明越好，越快收效越好。 不要回避一个现实，就是缺乏认知的人倾向于短视，长期且抽象的收益对他们很难有吸引力。 作者：炸乎链接：https://***.zhihu.com/question/580774824/answer/2862429781来源：知乎著作权归作者所有。商业转载请联系作者获得授权，非商业转载请注明出处。','/555/coverImage/2023/01/27/1618962809390370816.jpeg',0,0,1,'2023-01-27 13:23:07','2023-01-27 13:23:07','2023-01-27 13:23:07',0,1),(1618963929336741888,1575444479153295360,'会计师的地方',' 需求的前提是抓痛点，痛点的前提是有痛感。一个人连痛感都没有，你告诉他背上有只老虎，让他掸一掸，他不觉得你更需要健康建议就不错了。在他们的认知里，你那个制氧机，就是用来掸老虎的拂尘，拿来打扫卫生都嫌不好用，没给你扔了就是单纯因为不想糟蹋东西，哪怕他们对这个东西的价值一无所知。 所以要想让他们用制氧机，就要用魔法打败魔法。比如告诉他们这个制氧机可以预防新冠，再比如说每吸氧多一小时，可以延长寿命25分钟，所以晚上睡觉挂机等于白捡寿命。把这个收益说得越简明越好，越快收效越好。 不要回避一个现实，就是缺乏认知的人倾向于短视，长期且抽象的收益对他们很难有吸引力。 作者：炸乎链接：https://***.zhihu.com/question/580774824/answer/2862429781来源：知乎著作权归作者所有。商业转载请联系作者获得授权，非商业转载请注明出处。','/555/coverImage/2023/01/27/1618963929336741888.jpeg',0,0,1,'2023-01-27 13:27:34','2023-01-27 13:27:34','2023-01-27 13:27:34',0,1),(1618964918424928256,1575444479153295360,'就是的合法看算法','士大夫士大夫是劳动法lsdf 是看到就烦lskdf','/555/coverImage/2023/01/27/1618964918424928256.jpg',0,0,2,'2023-01-27 13:31:30','2023-01-27 13:31:30','2023-01-27 13:31:30',0,1),(1618966733073788928,1575444479153295360,'kehfksdhf','士大夫酸辣粉胜多负少的咖啡机卡','/555/coverImage/2023/01/27/1618966733073788928.jpg',0,0,2,'2023-01-27 13:38:43','2023-01-27 13:38:43','2023-01-27 13:38:43',0,1),(1618967260654317568,1575444479153295360,'收快递费就lskdjf','士大夫就是懂法守法士大夫双方都速率快的附件','/555/coverImage/2023/01/27/1618967260654317568.jpg',0,0,1,'2023-01-27 13:40:49','2023-01-27 13:40:49','2023-01-27 13:40:49',0,1),(1618968138509512704,1575444479153295360,'sdfhskdjf','阿萨德阿萨德很骄傲卡复活akjf','/555/coverImage/2023/01/27/1618968138509512704.jpg',0,0,1,'2023-01-27 13:44:18','2023-01-27 13:44:18','2023-01-27 13:44:18',0,1),(1618968659412738048,1575444479153295360,'dsjhfksjfs','的反抗灵魂石浪费肯德基slfslfj','/555/coverImage/2023/01/27/1618968659412738048.jpeg',0,0,0,'2023-01-27 13:46:22','2023-01-27 13:46:22','2023-01-27 13:46:22',0,1),(1618969391083892736,1575444479153295360,'dsjhfksjfs','的反抗灵魂石浪费肯德基slfslfj','/555/coverImage/2023/01/27/1618969391083892736.jpeg',0,0,0,'2023-01-27 13:49:16','2023-01-27 13:49:16','2023-01-27 13:49:16',0,1),(1618970149191774208,1575444479153295360,'kjhskdjfhsdf','asdjhaskdjas','/555/coverImage/2023/01/27/1618970149191774208.png',0,0,1,'2023-01-27 13:52:17','2023-01-27 13:52:17','2023-01-27 13:52:17',0,1),(1618970690345091072,1575444479153295360,'爱斯达克敬爱的','士大夫会计核算巅峰计划','/555/coverImage/2023/01/27/1618970690345091072.jpg',1,0,2,'2023-01-27 13:54:26','2023-01-27 13:54:26','2023-01-27 13:54:26',0,1),(1618972077938262016,1575444479153295360,'是的，发发呆回访客户萨的看法','爱斯达克升第几暗黑风 几十块会飞的健身房上课 爱神的箭kg啊哈开始的 阿萨德加感动','/555/coverImage/2023/01/27/1618972077938262016.png',0,0,5,'2023-01-27 16:03:02','2023-01-27 13:59:57','2023-01-27 16:03:02',0,1),(1619001609684643840,1575444479153295360,'看似简单和福克斯','阿士大夫和删掉了卡狂欢节考多少复活安富利极大酸辣粉 阿士大夫和爱克发half级啊伏拉夫af AFK和爱克发','/555/coverImage/2023/01/27/1619001609684643840.jpeg',0,0,2,'2023-01-27 15:58:50','2023-01-27 15:57:18','2023-01-27 15:58:50',0,1),(1619004235373453312,1575444479153295360,'开始的复活甲 ','啥就会asl 埃算*接*和阿开始减肥法法法法法法 氨基酸卡**AK','/555/coverImage/2023/01/28/1619004235373453312.jpg',0,0,2,'2023-01-27 16:10:47','2023-01-27 16:07:44','2023-01-27 16:10:47',0,1),(1619007559048998912,1575444479153295360,'暗室逢灯巨好看','啊所发生的看 as发课件爱上咖啡 安居客是否会爱克发 士大夫海*市东方红 * 和电话回访航空港','/555/coverImage/2023/01/28/1619007559048998912.jpeg',0,0,2,'2023-01-27 16:24:36','2023-01-27 16:20:56','2023-01-27 16:24:36',0,1),(1619009875756007424,1575444479153295360,'考试大纲后方可时间和','删掉了废旧塑料大富科技 就开始**费ksdfh几十块**费ksdfjksdfs 塑料袋喝咖啡首领都付款后 疾风剑豪发 爱神的箭发哈客服就会 ','/555/coverImage/2023/01/28/1619009875756007424.jpeg',0,0,2,'2023-01-27 16:34:00','2023-01-27 16:30:09','2023-01-27 16:34:00',0,1),(1619013334148382720,1575444479153295360,'流动商贩进了时空发的就是','第三方会计师大富科技数分课煽风点火 沙发里挥洒副科级暗示* **决分段函数的看*建行卡 sakjdhkasjd 垃圾的哈卡达 暗杀黑三快点 爱江山都卡数分课间好','/555/coverImage/2023/01/28/1619013334148382720.png',0,0,2,'2023-01-27 16:48:27','2023-01-27 16:43:53','2023-01-27 16:48:48',0,1),(1619186506348978176,1575444479153295360,'加密后sad发课件','都是开集粉红*快递费 房子 奥斯卡剪短发哈可视对讲','/555/coverImage/2023/01/28/1619186506348978176.jpeg',0,0,2,'2023-01-28 04:14:37','2023-01-28 04:12:01','2023-01-28 04:14:37',0,1),(1619274124591976448,1575444479153295360,'可视对讲返回空圣诞节粉红色会计法','爱神的箭卡仕达卡加斯的哈卡达','/555/coverImage/2023/01/28/1619274124591976448.png',0,1,4,'2023-01-30 21:27:35','2023-01-28 18:00:11','2023-01-28 18:00:11',0,3),(1619292663809953792,1575444479153295360,'房色发课件法拉第就发了大家算了','安抚就卡到话费卡活动经费辣椒粉 房子 *** http://feigao.weebly.com/ 桂林 师大附  怎么看着感觉应该是CKY带出来的  感性的话就不多说了，年轻真好呀。 房色','/555/coverImage/2023/01/28/1619292663809953792.png',0,0,6,'2023-01-28 19:21:24','2023-01-28 19:13:51','2023-01-28 19:21:24',0,1),(1619305120997699584,1575444479153295360,'空间上货到付款还是老大快烦死了的看法','as发课件哈首付款哈螺蛳粉卡洛斯咖啡机安律师费 沙井开发哈市空集符号afsk卡死复活卡 说起C罗去沙特联赛，我想到了几年前广州恒大买那个黑人马丁内斯，据说身价4500万欧元。 不会过人不会带球不会传球，踩个单车都能被日本后卫一脚断了，关键是还没有速度，但毕竟是马竞过来的神锋，恒大给了他无限信任，结果就是那年亚冠恒大作为卫冕冠军直接小组赛出局。 所以那人后来有了个绰号 水马 。他是我见过的恒大最差引援，没有之一。 C罗目前的能力，比水马好不了多少 作者：梅黑的爷爷链接：https://www.zhihu.com/question/580842184/answer/2863340540来源：知乎著作权归作者所有。商业转载请联系作者获得授权，非商业转载请注明出处。','/555/coverImage/2023/01/28/1619305120997699584.jpeg',0,0,0,'2023-01-28 20:03:21','2023-01-28 20:03:21','2023-01-28 20:03:21',1,1),(1619308883875590144,1575444479153295360,'咖啡胡椒粉','风凉话监考老师地划分开始的福克斯 as的空间哈萨克的骄傲和','/555/coverImage/2023/01/28/1619308883875590144.jpg',0,0,0,'2023-01-28 20:18:18','2023-01-28 20:18:18','2023-01-28 20:18:18',1,1),(1619311006533136384,1575444479153295360,'SDK就返回时代峻峰','爱神的箭看哈谁看得见哈克四朵金花a 夹克衫打卡时接电话卡就收到货 阿贾克斯打开手机红打卡机上党课 阿斯加德哈克实践活动卡健身房 阿克苏发货啦卡卡姐时刻计划 ','/555/coverImage/2023/01/28/1619311006533136384.png',0,0,0,'2023-01-28 20:26:44','2023-01-28 20:26:44','2023-01-28 20:26:44',1,1),(1619311740020436992,1575444479153295360,'埃算法看了看哈塑料袋机坑了','阿分手快乐回来看jl 加首付卡卷啊上分很快 卡扣伙食费卡金虎送福可交换 奥斯卡黄发卡机数分课间 😜','/555/coverImage/2023/01/28/1619311740020436992.jpeg',0,0,0,'2023-01-28 20:29:39','2023-01-28 20:29:39','2023-01-28 20:29:39',1,1),(1619644502795436032,1575444479153295360,'撒大声地看见','暗示分离哈客服就会 AK士大夫拉开 ','/555/coverImage/2023/01/29/1619644502795436032.jpeg',0,0,5,'2023-01-29 18:31:56','2023-01-29 18:31:56','2023-01-29 18:31:56',0,4),(1620314106559578112,1575444479153295360,'相似测试1','如今《流浪地球2》火遍全网，电影中的核心科技，就是高速发展后的未来核工业，以至于不禁让人联想，如果人类真的失去太阳，地球真的需要流浪，核工业就是保持人类文明的基石。文明、地球、太阳、人类、电影','/555/coverImage/2023/01/31/1620314106559578112.png',0,0,1,'2023-01-31 14:52:42','2023-01-31 14:52:42','2023-01-31 14:52:42',0,3),(1620314287581544448,1575444479153295360,'相似测试2','实，太阳里是存在一个自发的负反馈机制的，核聚变需要非常高的温度和压强才能发生，而太阳核心一直具备氢聚变的条件，在负反馈机制的限制下，可以让太阳物质的万有引力与氢聚变的能量释放刚好达到平衡，这就促使太阳在几十亿年来一直相对稳定。但是、 氦聚变没有这样的负反馈机制，当氦在太阳引力的作用下向内收缩时，温度升高，但压强不变，直到温度高达一亿度，氦被点燃，聚变放出的能量让温度升得更高，让更多的氦聚变。也就是说，氦聚变只有正反馈，没有负反馈，最终会造成一场失控的爆炸，这就是氦闪。 文明、地球、太阳、人类、电影','/555/coverImage/2023/01/31/1620314287581544448.png',0,0,2,'2023-01-31 14:58:01','2023-01-31 14:53:25','2023-01-31 14:58:01',0,4),(1620321986654289920,1575444479153295360,'相似测试3','在以秒计的时间里，太阳核心的氦剧烈燃烧，产生的能量比平时高千亿倍，同时耗尽了太阳核心中的氢，并持续升高核心温度，导致核心边缘一层本来不能聚变的氢也开始发生聚变，让太阳急剧膨胀，甚至彻底占据了地球轨道。从居安思危的角度来看，这在很久以后的未来是有可能发生的，或许是几十亿年以后。虽然现在不用担心这个问题， 但作为科幻电影，能够复现或者预测这个场景，也的确会带来更多对未来危机的思考。  ','/555/coverImage/2023/01/31/1620321986654289920.jpeg',0,0,2,'2023-01-31 15:36:38','2023-01-31 15:24:00','2023-01-31 15:36:38',0,2),(1620324363797004288,1575444479153295360,'相似测试4','奥斯卡第六届奥斯卡的骄傲了 《流浪地球2》中，人类计划给地球安装上万座巨大的行星发动机，推动地球离开太阳系，这些发动机就是重核聚变行星发动机。可控核聚变并非奇思妙想，它正是目前世界最前沿的重大核科学研究，也是各国都在深入研究的大科学工程。影片中最引人注目的重核聚变行星发动机，全球布置上万台，每台发动机的高度比珠穆朗玛峰还高2.2公里，单台发动机能提供150亿吨的推力。 作者：中国核工业集团有限公司链接：https://www.zhihu.com/question/581359988/answer/2868020103来源：知乎著作权归作者所有。商业转载请联系作者获得授权，非商业转载请注明出处。 在以秒计的时间里，太阳核心的氦剧烈燃烧，产生的能量比平时高千亿倍，同时耗尽了太阳核心中的氢，并持续升高核心温度，导致核心边缘一层本来不能聚变的氢也开始发生聚变，让太阳急剧膨胀，甚至彻底占据了地球轨道。从居安思危的角度来看，这在很久以后的未来是有可能发生的，或许是几十亿年以后。虽然现在不用担心这个问题，但作为科幻电影，能够复现或者预测这个场景，也的确会带来更多对未来危机的思考','/555/coverImage/2023/01/31/1620324363797004288.jpeg',0,0,1,'2023-01-31 15:34:12','2023-01-31 15:33:27','2023-01-31 15:34:12',0,4),(1620325085330538496,1575444479153295360,'侧是是是','🙄😡 按时间发哈看世界复活卡上积分','/555/coverImage/2023/01/31/1620325085330538496.png',0,0,1,'2023-01-31 15:36:19','2023-01-31 15:36:19','2023-01-31 15:36:19',0,1),(1620327540009218048,1575444479153295360,'阿萨德卡洛斯带进来的','在以秒计的时间里，太阳核心的氦剧烈燃烧，产生的能量比平时高千亿倍，同时耗尽了太阳核心中的氢，并持续升高核心温度，导致核心边缘一层本来不能聚变的氢也开始发生聚变，让太阳急剧膨胀，甚至彻底占据了地球轨道。从居安思危的角度来看，这在很久以后的未来是有可能发生的，或许是几十亿年以后。虽然现在不用担心这个问题， 😇 但作为科幻电影，能够复现或者预测这个场景，也的确会带来更多对未来危机的思考。','/555/coverImage/2023/01/31/1620327540009218048.png',0,0,4,'2023-01-31 15:46:04','2023-01-31 15:46:04','2023-01-31 15:46:04',0,2),(1620327828237594624,1575444479153295360,'联赛带飞和科技闪电发货','重核聚变是采用硅等元素作为聚变原料，首先要克服原子核之间的静电斥力，众所周知，越重的原子核所带电荷越多，越难以产生聚变。因此各国重点研究的可控核聚变均采用轻核聚变，即用氢的两个同位素 氘和氚来进行研究。','/555/coverImage/2023/01/31/1620327828237594624.png',0,0,4,'2023-01-31 15:47:13','2023-01-31 15:47:13','2023-01-31 15:47:13',0,5),(1620327986748731392,1575444479153295360,'的设计费看花式大刀阔斧','发哈发课件暗黑风 埃里克森符号兰蔻粉水拉开发 来看说服力卡司法局连卡佛 了看是否拉康师傅拉开犯傻联发科 AK律师费拉克丝发挥了卡死发货啦开发 拉拉手法拉康师傅赫拉开发克里斯发挥了洒咖啡','/555/coverImage/2023/01/31/1620327986748731392.jpeg',0,0,4,'2023-01-31 15:47:51','2023-01-31 15:47:51','2023-01-31 15:47:51',0,5),(1620328155225534464,1575444479153295360,'大富科技后方可','阿斯蒂芬has咖啡机哈开发 按实际和反馈sjfhkajsfhkajfhj 阿贾克斯发给卡健身房环境开发 阿斯蒂芬哈卡复活卡卷返回空 来看双方都拉康师傅里卡复活 埃里克罗斯福号拉丝粉卡李开复 国际热核聚变实验堆（ITER）项目就是正在通过模拟太阳的核聚变反应，产生能量并实现可控利用。由中核集团牵头研发的中国新一代 人造太阳 装置（HL-2M）在2022年实现等离子体电流突破100万安培（1兆安），创造了中国可控核聚变装置运行新纪录，标志着我国核聚变研发距离聚变点火迈进重要一步，跻身国际第一方阵。因此，电影中展现中国牵头的行星发动机项目，正是建立在中国具有世界领先的核聚变实力基础之上，才显得真实可信。 作者：中国核工业集团有限公司链接：https://www.zhihu.com/question/581359988/answer/2868020103来源：知乎著作权归作者所有。商业转载请联系作者获得授权，非商业转载请注明出处。','/555/coverImage/2023/01/31/1620328155225534464.jpeg',0,0,7,'2023-01-31 15:48:31','2023-01-31 15:48:31','2023-01-31 15:48:31',0,5),(1620385596059541504,1575444479153295360,'文档相似度怎么算的？','今天又是打代码的一天，真的好累。什么时候项目能上线🤓','/555/coverImage/2023/01/31/1620385596059541504.png',0,0,6,'2023-01-31 19:36:46','2023-01-31 19:36:46','2023-01-31 19:36:46',0,4),(1620385838091853824,1575444479153295360,'文档es真用起来真的麻烦','打代码做开发真的好吗？今天又思考了这个问题','/555/coverImage/2023/01/31/1620385838091853824.png',0,0,3,'2023-01-31 19:37:44','2023-01-31 19:37:44','2023-01-31 19:37:44',0,3),(1620386550246907904,1575444479153295360,'文档代码，这还不相似？','😚数据库电话费看世界后方可闪电发货奥斯卡开了多久阿斯拉达','/555/coverImage/2023/01/31/1620386550246907904.png',0,0,3,'2023-01-31 19:40:34','2023-01-31 19:40:34','2023-01-31 19:40:34',0,4),(1620386717213761536,1575444479153295360,'文档文档文档','士大夫看似简单废了空军说浪费 里盛开的花发牢骚肯定发火','/555/coverImage/2023/01/31/1620386717213761536.jpeg',0,1,9,'2023-02-01 14:11:32','2023-01-31 19:41:13','2023-01-31 19:41:13',0,6),(1620733888274436096,1575444479153295360,'文档代码这些关键字','文档代码文档代码文档代码这些关键字还不行？','/555/coverImage/2023/02/01/1620733888274436096.jpg',0,0,1,'2023-02-01 18:40:45','2023-02-01 18:40:45','2023-02-01 18:40:45',0,1),(1620798036832165888,1575444479153295360,'测试压缩图片','压缩图片成不成功啊','/555/coverImage/2023/02/01/1620798036832165888.jpg',0,0,1,'2023-02-01 22:55:40','2023-02-01 22:55:40','2023-02-01 22:55:40',0,2),(1620799484177420288,1575444479153295360,'压缩测试2','来个超大的图片，还不成功？','/555/coverImage/2023/02/01/1620799484177420288.jpeg',0,0,1,'2023-02-01 23:01:25','2023-02-01 23:01:25','2023-02-01 23:01:25',0,1),(1620799929377624064,1575444479153295360,'压缩对比测试','这个压缩的怎么样呢？','/555/coverImage/2023/02/01/1620799929377624064.jpg',0,0,1,'2023-02-01 23:03:11','2023-02-01 23:03:11','2023-02-01 23:03:11',0,1),(1620800975554482176,1575444479153295360,'压缩压缩','我抄压缩烦死了，敏感词**','/555/coverImage/2023/02/01/1620800975554482176.jpg',0,0,1,'2023-02-01 23:07:20','2023-02-01 23:07:20','2023-02-01 23:07:20',0,3),(1620801365251457024,1575444479153295360,'压缩4个字','这个压缩怎么样？？？','/555/coverImage/2023/02/01/1620801365251457024.jpg',0,0,1,'2023-02-01 23:08:53','2023-02-01 23:08:53','2023-02-01 23:08:53',0,4),(1620801675424432128,1575444479153295360,'士大夫很快就','高清阿斯利康大富豪和阿奥斯卡发动机案例库','/555/coverImage/2023/02/01/1620801675424432128.jpeg',0,0,2,'2023-02-01 23:10:07','2023-02-01 23:10:07','2023-02-01 23:10:07',0,2),(1620826324195606528,1575444479153295360,'asdasdkjhk','asdajsdlkajdkla','/555/coverImage/2023/02/02/1620826324195606528.jpeg',0,0,1,'2023-02-02 00:48:04','2023-02-02 00:48:04','2023-02-02 00:48:04',0,1),(1620836935784738816,1575444479153295360,'是打发士大夫','sdfsdfsf','/555/coverImage/2023/02/02/1620836935784738816.jpeg',0,0,1,'2023-02-02 01:30:14','2023-02-02 01:30:14','2023-02-02 01:30:14',0,1),(1620839998595543040,1575444479153295360,'圣诞福利看哈的水立方建安费','数据库烦得很收快递费就和试试多开就返回sdf 了但是卡复活是的发送到发','/555/coverImage/2023/02/02/1620839998595543040.jpeg',0,0,1,'2023-02-02 01:42:24','2023-02-02 01:42:24','2023-02-02 01:42:24',0,3),(1620843639704395776,1575444479153295360,'的防风固沙','阿斯顿发发会发','/555/coverImage/2023/02/02/1620843639704395776.jpg',0,0,1,'2023-02-02 01:56:52','2023-02-02 01:56:52','2023-02-02 01:56:52',0,2),(1620843900736905216,1575444479153295360,'让他改水电费公司规定','阿凡达拉还是分开开好了','/555/coverImage/2023/02/02/1620843900736905216.jpg',0,0,1,'2023-02-02 01:57:54','2023-02-02 01:57:54','2023-02-02 01:57:54',0,1),(1620844360919162880,1575444479153295360,'sdfsdfsf','sad，麻烦您收代理费克拉斯大 ','/555/coverImage/2023/02/02/1620844360919162880.jpeg',0,0,1,'2023-02-02 01:59:44','2023-02-02 01:59:44','2023-02-02 01:59:44',0,2),(1620844508973899776,1575444479153295360,'士大夫和收快递费就','沙发as暗示法萨芬','/555/coverImage/2023/02/02/1620844508973899776.jpeg',0,0,1,'2023-02-02 02:00:19','2023-02-02 02:00:19','2023-02-02 02:00:19',0,2),(1620845059463716864,1575444479153295360,'多少个是的发送到','算法的看回放是劳动法红烧豆腐','/555/coverImage/2023/02/02/1620845059463716864.jpeg',0,0,1,'2023-02-02 02:02:31','2023-02-02 02:02:31','2023-02-02 02:02:31',0,1),(1620858493408481280,1572443275490078720,'塑料袋粉红色烦都烦死','电饭锅电饭锅','/555/coverImage/2023/02/02/1620858493408481280.jpeg',0,0,1,'2023-02-02 02:55:54','2023-02-02 02:55:54','2023-02-02 02:55:54',0,1),(1620859364087255040,1572443275490078720,'sdfsdfs','电饭锅电饭锅电饭锅电饭锅的','/555/coverImage/2023/02/02/1620859364087255040.jpeg',0,0,1,'2023-02-02 02:59:21','2023-02-02 02:59:21','2023-02-02 02:59:21',0,3),(1620859989025968128,1572443275490078720,'安达市发放数','阿斯顿法师法师法师暗示法司法','/555/coverImage/2023/02/02/1620859989025968128.jpg',0,0,1,'2023-02-02 03:01:50','2023-02-02 03:01:50','2023-02-02 03:01:50',0,3),(1621076114930221056,1621074047897554944,'这个妹子如何色情','案发时发放','/555/coverImage/2023/02/02/1621076114930221056.jpeg',0,0,2,'2023-02-02 17:20:39','2023-02-02 17:20:39','2023-02-02 17:20:39',0,3),(1621076279246274560,1621074047897554944,'****','电饭锅电饭锅','/555/coverImage/2023/02/02/1621076279246274560.jpeg',0,0,1,'2023-02-02 17:21:18','2023-02-02 17:21:18','2023-02-02 17:21:18',0,1),(1621078982781386752,1621074047897554944,'东方红给对方和','官方回答法律规定 速率快的附件塑料袋咖啡健身房 立卡户圣诞福利上课的和分类','/555/coverImage/2023/02/02/1621078982781386752.jpeg',0,0,1,'2023-02-02 17:32:02','2023-02-02 17:32:02','2023-02-02 17:32:02',0,4),(1621080507809349632,1621074047897554944,'十多个士大夫','是打发士大夫会卡死积分的 近代史付款时间电话费肯定是 流口水的福克斯货到付款收到回复 就是的合法空间上东方航空','/555/coverImage/2023/02/02/1621080507809349632.jpg',0,0,1,'2023-02-02 17:38:06','2023-02-02 17:38:06','2023-02-02 17:38:06',0,1),(1621080832943407104,1621074047897554944,'时代峰峻看是否','士大夫杀戮空间邓弗里斯开发 莱克斯顿和分类上岛咖啡 了圣诞狂欢发了啥肯定发火说浪费','/555/coverImage/2023/02/02/1621080832943407104.jpeg',0,0,1,'2023-02-02 17:39:23','2023-02-02 17:39:23','2023-02-02 17:39:23',0,1),(1621081824330072064,1621074047897554944,'电饭锅电饭锅','森岛帆高收个首个','/555/coverImage/2023/02/02/1621081824330072064.jpg',0,0,2,'2023-02-02 17:43:20','2023-02-02 17:43:20','2023-02-02 17:43:20',0,1),(1621083271666970624,1621074047897554944,'电饭锅电饭锅','斯蒂芬库里时间了房间里的说法','/555/coverImage/2023/02/02/1621083271666970624.jpg',0,0,2,'2023-02-02 17:49:05','2023-02-02 17:49:05','2023-02-02 17:49:05',0,3),(1621083577859551232,1621074047897554944,'范甘迪个','山东高法是东莞市🤓','/555/coverImage/2023/02/02/1621083577859551232.jpg',0,0,2,'2023-02-02 17:50:18','2023-02-02 17:50:18','2023-02-02 17:50:18',0,2),(1621083986481229824,1621074047897554944,'东风浩荡发','电饭锅梵蒂冈','/555/coverImage/2023/02/02/1621083986481229824.jpeg',0,0,1,'2023-02-02 17:51:55','2023-02-02 17:51:55','2023-02-02 17:51:55',0,3),(1621084304736542720,1621074047897554944,'电饭锅电饭锅的','水电费水电费水电费算法','/555/coverImage/2023/02/02/1621084304736542720.jpeg',0,0,2,'2023-02-02 17:53:11','2023-02-02 17:53:11','2023-02-02 17:53:11',0,2),(1621085048298647552,1621074047897554944,'覆盖后个复活','高度和得很大度','/555/coverImage/2023/02/02/1621085048298647552.jpeg',0,0,1,'2023-02-02 17:56:08','2023-02-02 17:56:08','2023-02-02 17:56:08',0,2),(1621085502998847488,1621074047897554944,'电饭锅电饭锅发','省东莞市故事梗概','/555/coverImage/2023/02/02/1621085502998847488.png',0,0,0,'2023-02-02 17:57:57','2023-02-02 17:57:57','2023-02-02 17:57:57',0,2),(1621085922697682944,1621074047897554944,'电饭锅电饭锅的','电饭锅电饭锅电饭锅','/555/coverImage/2023/02/02/1621085922697682944.jpg',0,0,3,'2023-02-02 17:59:37','2023-02-02 17:59:37','2023-02-02 17:59:37',0,2),(1621086464526262272,1621074047897554944,'豆腐干个地方官','电饭锅电饭锅的','/555/coverImage/2023/02/02/1621086464526262272.jpeg',0,0,1,'2023-02-02 18:01:46','2023-02-02 18:01:46','2023-02-02 18:01:46',0,1),(1621088320459657216,1621074047897554944,'士大夫爽肤水','水电费水电费第三方','/555/coverImage/2023/02/02/1621088320459657216.jpeg',0,0,1,'2023-02-02 18:09:09','2023-02-02 18:09:09','2023-02-02 18:09:09',0,2),(1621090566761164800,1621074047897554944,'东风风光分数多高','森岛帆高收个首个三个点','/555/coverImage/2023/02/02/1621090566761164800.jpeg',0,0,1,'2023-02-02 18:18:04','2023-02-02 18:18:04','2023-02-02 18:18:04',0,2),(1621091246678814720,1621074047897554944,'士大夫算法但是','谁发个士大夫就是劳动法可j 里肯定是非蓝思科技颠覆了 了肯定数据分类看似简单分类算法','/555/coverImage/2023/02/02/1621091246678814720.jpeg',0,0,1,'2023-02-02 18:20:46','2023-02-02 18:20:46','2023-02-02 18:20:46',0,2),(1621091780919898112,1621074047897554944,'方法个地方官','梵蒂冈的说法归属感','/555/coverImage/2023/02/02/1621091780919898112.jpeg',0,0,1,'2023-02-02 18:22:54','2023-02-02 18:22:54','2023-02-02 18:22:54',0,3),(1621093204990963712,1621074047897554944,'十多个士大夫','是打发士大夫教科书定积分','/555/coverImage/2023/02/02/1621093204990963712.jpeg',0,0,1,'2023-02-02 18:28:33','2023-02-02 18:28:33','2023-02-02 18:28:33',0,4),(1621095679240253440,1621074047897554944,'的收个首个','士大夫水电费水电费水电费算法','/555/coverImage/2023/02/02/1621095679240253440.png',0,0,1,'2023-02-02 18:38:23','2023-02-02 18:38:23','2023-02-02 18:38:23',0,1),(1621096527106224128,1621074047897554944,'梵蒂冈的','是的方式来开发就是','/555/coverImage/2023/02/02/1621096527106224128.webp',0,0,1,'2023-02-02 18:41:45','2023-02-02 18:41:45','2023-02-02 18:41:45',0,2),(1621097160228024320,1621074047897554944,'的方式来的房间里士大夫','法拉快手客服静安里盛开的 萨拉绿色防控就安分了 暗示分离卡卷啊螺蛳粉','/555/coverImage/2023/02/02/1621097160228024320.webp',0,0,2,'2023-02-02 18:44:16','2023-02-02 18:44:16','2023-02-02 18:44:16',0,2),(1621103675953381376,1621074047897554944,'是打发士大夫','对伐啦开始反击老卡死的骄傲的','/555/coverImage/2023/02/02/1621103675953381376.webp',0,0,1,'2023-02-02 19:10:10','2023-02-02 19:10:10','2023-02-02 19:10:10',0,2),(1621103977871966208,1621074047897554944,'空军基地就粉红色','删掉了福建省来看待防辐射','/555/coverImage/2023/02/02/1621103977871966208.webp',0,0,2,'2023-02-02 19:11:22','2023-02-02 19:11:22','2023-02-02 19:11:22',0,1),(1621117263086727168,1621074047897554944,'打瞌睡较好的喀什','的算法速率快的附件士大夫','/555/coverImage/2023/02/02/1621117263086727168.webp',0,0,1,'2023-02-02 20:04:09','2023-02-02 20:04:09','2023-02-02 20:04:09',0,1),(1621120769445085184,1621074047897554944,'新东方恐龙数据发**的第三代','水电费卡吉林省','/555/coverImage/2023/02/02/1621120769445085184.webp',0,0,2,'2023-02-02 20:18:05','2023-02-02 20:18:05','2023-02-02 20:18:05',0,3),(1621121126866894848,1621074047897554944,'塑料袋合肥市快递费','阿萨德卡卷啊塞德里克','/555/coverImage/2023/02/02/1621121126866894848.webp',0,0,1,'2023-02-02 20:19:30','2023-02-02 20:19:30','2023-02-02 20:19:30',0,2),(1621122308209471488,1621074047897554944,'神鼎飞丹砂浮点数','圣诞福利开始的杰弗里斯看京东方','/555/coverImage/2023/02/02/1621122308209471488.jpeg',0,0,1,'2023-02-02 20:24:12','2023-02-02 20:24:12','2023-02-02 20:24:12',0,4),(1621123823305334784,1621074047897554944,'四朵金花付款时间地划分','是的发送到顺丰到付士大夫的','/555/coverImage/2023/02/02/1621123823305334784.jpeg',0,0,1,'2023-02-02 20:30:13','2023-02-02 20:30:13','2023-02-02 20:30:13',0,1),(1621124068303020032,1621074047897554944,'as科技的话卡萨丁','圣诞福利圣诞节联发科见识到了发快递','/555/coverImage/2023/02/02/1621124068303020032.jpeg',0,0,1,'2023-02-02 20:31:12','2023-02-02 20:31:12','2023-02-02 20:31:12',0,5),(1621142847502258176,1621074047897554944,'的防风固沙分公司','圣诞福利是看到就烦上来看待','/555/coverImage/2023/02/02/1621142847502258176.jpeg',0,0,1,'2023-02-02 21:45:49','2023-02-02 21:45:49','2023-02-02 21:45:49',0,1),(1621143515449339904,1621074047897554944,'是打发士大夫','士大夫看似简单后方可','/555/coverImage/2023/02/02/1621143515449339904.jpeg',0,0,3,'2023-02-02 21:48:28','2023-02-02 21:48:28','2023-02-02 21:48:28',0,1),(1621145866046361600,1621074047897554944,'省东莞市抵抗力发聚类算法','发了开讲啦开始反击阿里斯顿','/555/coverImage/2023/02/02/1621145866046361600.png',0,0,2,'2023-02-02 21:57:49','2023-02-02 21:57:49','2023-02-02 21:57:49',0,2),(1621146231143747584,1621074047897554944,'是打发士大夫','士大夫会计师的房间里卡时凤兰金啊','/555/coverImage/2023/02/02/1621146231143747584.png',0,0,3,'2023-02-02 21:59:16','2023-02-02 21:59:16','2023-02-02 21:59:16',0,3),(1621147003281580032,1621074047897554944,'上来看待防火卷帘时代峰峻','离开时大姐夫垃圾康师傅拉丝粉结案率','/555/coverImage/2023/02/02/1621147003281580032.png',0,0,1,'2023-02-02 22:02:20','2023-02-02 22:02:20','2023-02-02 22:02:20',0,3),(1621147364075610112,1621074047897554944,'是的，哈里斯肯定会发','斯蒂芬库里世纪东方老司机颠覆了时代峰峻','/555/coverImage/2023/02/02/1621147364075610112.png',0,0,1,'2023-02-02 22:03:46','2023-02-02 22:03:46','2023-02-02 22:03:46',0,2),(1621147788803416064,1621074047897554944,'是打发士大夫','圣诞福利看似简单菲利克斯的附件','/555/coverImage/2023/02/02/1621147788803416064.png',0,0,1,'2023-02-02 22:05:27','2023-02-02 22:05:27','2023-02-02 22:05:27',0,2),(1621150187320352768,1621074047897554944,'颠覆了看世界龙飞开','拉可视对讲菲拉斯看附件','/555/coverImage/2023/02/02/1621150187320352768.png',0,0,1,'2023-02-02 22:14:59','2023-02-02 22:14:59','2023-02-02 22:14:59',0,2),(1621150623649603584,1621074047897554944,'圣诞福利看就好了康师傅','塑料袋咖啡聚少离多发课件','/555/coverImage/2023/02/02/1621150623649603584.png',0,0,2,'2023-02-02 22:16:43','2023-02-02 22:16:43','2023-02-02 22:16:43',0,3),(1621165289096462336,1621074047897554944,'卡萨丁返回空士大夫','阿拉山口和分类卡就废了 as的空间阿萨德 😉 ','/555/coverImage/2023/02/02/1621165289096462336.png',0,0,2,'2023-02-02 23:20:39','2023-02-02 23:14:59','2023-02-02 23:20:39',0,2),(1621168257074053120,1621074047897554944,'就开始打电话副科级是否会','   奥斯卡级德哈卡圣诞节啊','/555/coverImage/2023/02/02/1621168257074053120.png',0,0,2,'2023-02-02 23:26:47','2023-02-02 23:26:47','2023-02-02 23:26:47',0,5),(1621169949517570048,1621074047897554944,'阿里收快递费就啦',' 撒娇的哈斯柯达  ','/555/coverImage/2023/02/02/1621169949517570048.png',0,0,1,'2023-02-02 23:33:31','2023-02-02 23:33:31','2023-02-02 23:33:31',0,1),(1621170730052378624,1621074047897554944,'算法来的快结束了开电风扇','考虑到萨芬加拉手咖啡机阿里 阿斯加德哈克四朵金花 ','/555/coverImage/2023/02/02/1621170730052378624.png',0,0,1,'2023-02-02 23:36:37','2023-02-02 23:36:37','2023-02-02 23:36:37',0,2),(1621171937596694528,1621074047897554944,'删掉了开发就是的反抗',' 所发生的是打发士大夫 ','/555/coverImage/2023/02/02/1621171937596694528.png',0,0,2,'2023-02-02 23:41:24','2023-02-02 23:41:24','2023-02-02 23:41:24',0,2),(1621173023229370368,1621074047897554944,'是丹佛斯颠覆了看世界','暗示分离卡加斯福利卡积分时 ','/555/coverImage/2023/02/02/1621173023229370368.png',0,0,1,'2023-02-02 23:45:43','2023-02-02 23:45:43','2023-02-02 23:45:43',0,4),(1621173906025484288,1621074047897554944,'as打了卡时间的拉卡德','法兰克卡死建档立卡时间的拉卡德 as断开连接爱上了肯德基阿萨德 阿萨德老客户静安里盛开的骄傲了      ','/555/coverImage/2023/02/02/1621173906025484288.png',0,0,4,'2023-02-03 13:58:34','2023-02-02 23:49:14','2023-02-03 13:58:34',0,3),(1621180104305016832,1621074047897554944,'圣诞福利快结束了的反抗','士大夫蓝思科技的辐射觉得烦    ','/555/coverImage/2023/02/03/1621180104305016832.png',0,0,7,'2023-02-03 00:23:18','2023-02-03 00:13:52','2023-02-03 00:23:18',0,4),(1621183114108223488,1621074047897554944,'阿斯拉达静安里盛开的','删掉了看附件奥拉夫建安费 阿拉山口的骄傲了山东科技阿斯拉达 拉上就得啦看似简单拉伤的  ','/555/coverImage/2023/02/03/1621183114108223488.png',0,0,3,'2023-02-03 00:36:09','2023-02-03 00:25:49','2023-02-03 00:36:09',0,2),(1621404307025391616,1621074047897554944,'氪金的付过款世纪东方','暗示法司法倒垃圾酸辣粉卡','/555/coverImage/2023/02/03/1621404307025391616.png',0,0,1,'2023-02-03 15:04:46','2023-02-03 15:04:46','2023-02-03 15:04:46',0,3),(1621572877562687488,1621074047897554944,'士大夫寒暑假快递费','删掉了发了啥颠覆了','/555/coverImage/2023/02/04/1621572877562687488.png',0,0,2,'2023-02-04 02:14:36','2023-02-04 02:14:36','2023-02-04 02:14:36',0,2),(1621576118362976256,1621074047897554944,'是打发士大夫','收快递费就行列式打卡记录算法的','/555/coverImage/2023/02/04/1621576118362976256.png',1,0,2,'2023-02-04 02:27:29','2023-02-04 02:27:29','2023-02-04 02:27:29',0,2),(1621778881407651840,1621074047897554944,'电饭锅电饭锅大范甘迪','士大夫开始的就发了收快递费就','/555/coverImage/2023/02/04/1621778881407651840.png',1,22,17,'2023-02-13 22:52:04','2023-02-04 15:53:11','2023-02-04 15:56:00',0,4),(1621850305942003712,1621074047897554944,'是打发士大夫','时代峰峻决胜巅峰看花式的看法 卡萨丁解放啦快递费家乐福 速率快的附件历史课邓弗里斯','/555/coverImage/2023/02/04/1621850305942003712.png',0,0,2,'2023-02-04 20:37:00','2023-02-04 20:37:00','2023-02-04 20:37:00',0,4),(1622603231689998336,1621074047897554944,'接口权限测试','巅峰计划盛开的粉红色快递费','/555/coverImage/2023/02/06/1622603231689998336.png',0,0,1,'2023-02-06 22:28:52','2023-02-06 22:28:52','2023-02-06 22:28:52',0,3),(1622604499678429184,1621074047897554944,'SDK合肥市快递费','士大夫金黄色的开发计划书大富科技 开始的和分类看似简单和福克斯封多久','/555/coverImage/2023/02/06/1622604499678429184.png',0,1,2,'2023-02-06 23:17:32','2023-02-06 22:33:54','2023-02-06 22:33:54',0,3),(1622615361826881536,1621074047897554944,'是打发士大夫','时代峰峻黑三快点分解后上岛咖啡','/555/coverImage/2023/02/06/1622615361826881536.png',0,1,1,'2023-02-06 23:17:23','2023-02-06 23:17:04','2023-02-06 23:17:04',0,3),(1622873272885047296,1621074047897554944,'电饭锅电饭锅的','圣诞福利开始减肥类似的会计法','/555/coverImage/2023/02/07/1622873272885047296.webp',0,0,2,'2023-02-07 16:21:54','2023-02-07 16:21:54','2023-02-07 16:21:54',0,2),(1623599974292512768,1621074047897554944,'阿萨德拉客户端看','爱神的箭哈伦裤圣诞节拉斯柯达','/acfile-test/coverImage/2023/02/09/1623599974292512768.webp',1,0,4,'2023-02-09 16:29:34','2023-02-09 16:29:34','2023-02-09 16:29:34',0,4),(1623601900199469056,1621074047897554944,'客户端阿沙德','as断开连接爱丽丝肯德基阿拉丁','/acfile-test/coverImage/2023/02/09/1623601900199469056.webp',1,0,6,'2023-02-14 21:19:55','2023-02-09 16:37:13','2023-02-09 16:37:13',0,4),(1623602333382991872,1621074047897554944,'客户端as大连科技as漏打卡','埃算法辣椒水打了卡就是断了','/acfile-test/coverImage/2023/02/09/1623602333382991872.webp',0,0,1,'2023-02-09 16:38:56','2023-02-09 16:38:56','2023-02-09 16:38:56',0,5),(1623602437112324096,1621074047897554944,'客户端考四六级阿德拉','圣诞福利快结束了的反抗级算法','/acfile-test/coverImage/2023/02/09/1623602437112324096.webp',0,0,2,'2023-02-09 16:39:21','2023-02-09 16:39:21','2023-02-09 16:39:21',0,6),(1623684069655662592,1621074047897554944,'时空来电焊接法兰扣水电费','的思路会计分录收快递费 ','/acfile-test/coverImage/2023/02/09/1623684069655662592.webp',0,0,1,'2023-02-09 22:03:43','2023-02-09 22:03:43','2023-02-09 22:03:43',0,3),(1623687489930252288,1621074047897554944,'克里斯丁杰弗里斯的','但是，放假了收快递费就绿色防控 ','/acfile-test/coverImage/2023/02/09/1623687489930252288.webp',1,1,15,'2023-02-14 18:13:51','2023-02-09 22:17:19','2023-02-09 22:17:19',0,4),(1623689637107691520,1621074047897554944,'圣诞节后方可士大夫','速率快的附件类似的开房记录士大夫 ','/acfile-test/coverImage/2023/02/09/1623689637107691520.webp',0,0,6,'2023-02-09 22:25:51','2023-02-09 22:25:51','2023-02-09 22:25:51',0,4),(1623690628699877376,1621074047897554944,'开房开房','爱斯达克结案率可视对讲阿拉丁 ','/acfile-test/coverImage/2023/02/09/1623690628699877376.webp',0,0,3,'2023-02-09 22:29:47','2023-02-09 22:29:47','2023-02-09 22:29:47',0,4),(1623692076313505792,1621074047897554944,'思考来低级联赛快递费','三等奖卡复活可接受的粉红色的会计法 肯定是解放路收快递费就收代理费 阿斯加德卡技术都卡 你们觉得呢😥😜','/acfile-test/coverImage/2023/02/09/1623692076313505792.webp',1,1,4,'2023-02-09 23:30:38','2023-02-09 22:35:32','2023-02-09 22:35:32',0,3),(1623707119923089408,1621074047897554944,'可交换的看','暗室逢灯立卡就是断了 阿斯利康多久啊来看待结案了 ','/acfile-test/coverImage/2023/02/09/1623707119923089408.webp',0,0,6,'2023-02-09 23:35:19','2023-02-09 23:35:19','2023-02-09 23:35:19',0,3),(1623957355971043328,1621074047897554944,'克里斯阿诗丹顿','奥斯卡来得及案例山东科技ad 拉丝机的拉开见识到了','/acfile-test/coverImage/2023/02/10/1623957355971043328.webp',0,11,7,'2023-02-14 18:39:07','2023-02-10 16:09:40','2023-02-10 16:09:40',0,4),(1623957357615210496,1621074047897554944,'克里斯阿诗丹顿','奥斯卡来得及案例山东科技ad 拉丝机的拉开见识到了','/acfile-test/coverImage/2023/02/10/1623957357615210496.webp',1,1,6,'2023-02-10 21:44:34','2023-02-10 16:09:40','2023-02-10 16:09:40',0,4),(1623960731341348864,1621074047897554944,'奥斯卡静待花开','按实际亏大了上课的','/acfile-test/coverImage/2023/02/10/1623960731341348864.webp',1,4,4,'2023-02-10 21:47:20','2023-02-10 16:23:05','2023-02-10 16:23:05',0,3),(1624036651276292096,1621074047897554944,'就，函数的查看数据','了快速佛了四大皆空发了啥','/acfile-test/coverImage/2023/02/10/1624036651276292096.webp',1,23,6,'2023-02-15 15:43:21','2023-02-10 21:24:45','2023-02-10 21:24:45',0,4),(1624042628012687360,1621074047897554944,'表示表示表示','爱斯达克垃圾啊猎杀对决阿里斯顿','/acfile-test/coverImage/2023/02/10/1624042628012687360.webp',0,0,3,'2023-02-10 21:48:30','2023-02-10 21:48:30','2023-02-10 21:48:30',0,3),(1624042966753067008,1621074047897554944,'asdasd','爱斯达克静安寺来得及阿里的','/acfile-test/coverImage/2023/02/10/1624042966753067008.webp',1,0,3,'2023-02-10 21:49:51','2023-02-10 21:49:51','2023-02-10 21:49:51',0,3),(1624043665402458112,1621074047897554944,'SDK浪费击杀点','as打了卡记得删了卡卷啊','/acfile-test/coverImage/2023/02/10/1624043665402458112.webp',1,11,8,'2023-02-10 22:32:30','2023-02-10 21:52:38','2023-02-10 21:52:38',0,3),(1624280044526989312,1621074047897554944,'表示克里斯','士大夫就是了看到就烦类似的','/acfile-test/coverImage/2023/02/11/1624280044526989312.webp',1,0,9,'2023-02-11 13:31:55','2023-02-11 13:31:55','2023-02-11 13:31:55',0,3),(1624280554646630400,1621074047897554944,'一拳超人','一拳超人','/acfile-test/coverImage/2023/02/11/1624280554646630400.webp',3,11,33,'2023-02-14 18:37:49','2023-02-11 13:33:57','2023-02-11 13:33:57',0,4),(1624280639346405376,1621074047897554944,'一拳超人准备来了','奥斯卡来得及阿里斯顿看到 雷克萨建档立卡近代史拉伤的','/acfile-test/coverImage/2023/02/11/1624280639346405376.webp',1,2,25,'2023-02-14 15:30:55','2023-02-11 13:34:17','2023-02-11 13:34:17',0,4),(1624327122976251904,1575444479153295360,'奥施康定金坷垃','克里斯丁加拉看世界多拉点','/acfile-test/coverImage/2023/02/11/1624327122976251904.webp',0,0,3,'2023-02-11 16:38:59','2023-02-11 16:38:59','2023-02-11 16:38:59',0,2),(1624420432785027072,1575444479153295360,'删掉了开发吉林省','今天给大家分享一部动画 间谍过家家   😎','/acfile-test/coverImage/2023/02/11/1624420432785027072.webp',1,0,6,'2023-02-11 22:49:46','2023-02-11 22:49:46','2023-02-11 22:49:46',0,4),(1624430544048205824,1575444479153295360,'法第三方士大夫','就是的合法啊实打实大的空间埃里克森就得啦卡视角的拉卡德','/acfile-test/coverImage/2023/02/11/1624430544048205824.webp',0,0,6,'2023-02-11 23:31:19','2023-02-11 23:29:57','2023-02-11 23:31:19',0,3),(1624432177607979008,1575444479153295360,'猎杀对决菲利克斯的附件','是打发士大夫啊看了时间到了as氪金的垃圾的 啥肯德基拉丝机的拉动 奥斯卡来得及爱丽丝肯德基阿里','/acfile-test/coverImage/2023/02/11/1624432177607979008.webp',0,1,5,'2023-02-14 15:24:12','2023-02-11 23:36:26','2023-02-11 23:36:26',0,2),(1624466283842596864,1575444479153295360,'击杀点啊四大皆空','as断开连接as蓝黛科技ad','/acfile-test/coverImage/2023/02/12/1624466283842596864.webp',0,4,14,'2023-02-14 15:25:34','2023-02-12 01:51:58','2023-02-12 01:51:58',0,3),(1625045572644343808,1575444479153295360,'尝试删除','按数据库的骄傲肯德基结案率可视对讲 案例库圣诞节爱丽丝肯德基阿拉丁','/acfile-test/coverImage/2023/02/13/1625045572644343808.webp',0,0,1,'2023-02-13 16:13:51','2023-02-13 16:13:51','2023-02-13 16:13:51',1,5),(1625109519082811392,1575444479153295360,'嘉实多卡卷啊','奥斯卡的骄傲了多久啊 阿斯卡纶第六届阿里可视对讲','/acfile-test/coverImage/2023/02/13/1625109519082811392.webp',0,0,1,'2023-02-13 20:27:57','2023-02-13 20:27:57','2023-02-13 20:27:57',0,1),(1625145872046620672,1575444479153295360,'测试频繁操作','时空来电赫拉可视对讲卡萨丁','/acfile-test/coverImage/2023/02/13/1625145872046620672.webp',0,0,2,'2023-02-13 22:52:24','2023-02-13 22:52:24','2023-02-13 22:52:24',0,4),(1625395956340572160,1575444479153295360,'按时来看风景拉伤','爱斯达克辣椒水的啦阿斯利康的骄傲了上课的','/acfile-test/coverImage/2023/02/14/1625395956340572160.webp',0,0,1,'2023-02-14 15:26:09','2023-02-14 15:26:09','2023-02-14 15:26:09',0,2),(1625439107306610688,1610563829040152576,'间谍过家家！！日常喜剧',' 图片1 图片 再来几张   ','/acfile-test/coverImage/2023/02/14/1625439107306610688.webp',1,1,6,'2023-02-14 18:42:38','2023-02-14 18:17:37','2023-02-14 18:42:38',0,1),(1625501683403059200,1625487680777834496,'打开解放啦','as大连科技as漏打卡就 奥斯卡就得啦卡视角的拉克丝的 啥肯德基拉伤的','/acfile-test/coverImage/2023/02/14/1625501683403059200.webp',0,0,1,'2023-02-14 22:26:16','2023-02-14 22:26:16','2023-02-14 22:26:16',0,4),(1625502898606174208,1625487680777834496,'水电费卡拉丝机的龙飞开','斯蒂芬库里击杀点菲利克斯 当升科技发了啥的看法记得删了看 SDK及回复是看到就烦','/acfile-test/coverImage/2023/02/14/1625502898606174208.webp',0,0,1,'2023-02-14 22:31:06','2023-02-14 22:31:06','2023-02-14 22:31:06',0,4),(1625523616639115264,1572443275490078720,'会计师的费','爱斯达克垃圾啊蓝黛科技啊','/acfile-test/coverImage/2023/02/14/1625523616639115264.webp',0,0,1,'2023-02-14 23:53:26','2023-02-14 23:53:26','2023-02-14 23:53:26',0,3),(1625763842963918848,1572443275490078720,'超长标题超长标题超长标题超长标题超长标题超长标题超长标题超长','阿诗丹顿多多多多多多多多多多多多多多多多或扩 萨克多或绿绿绿绿绿绿绿绿绿绿绿绿绿绿绿绿绿绿绿绿 撒的谎🤨或或或或或或或或或或或或或或或军扩 sad军军军军军军军军军军军军军军军军军军军军扩 士大夫哈萨克东方红是看到就烦还是开发sad军扩扩扩扩扩扩扩扩扩扩扩扩扩扩扩扩扩扩扩扩扩扩扩扩扩扩或   撒的谎或大或所所所所所所所所所所所所所所所所所所所所所所所所所所所所所所所所所','/acfile-test/coverImage/2023/02/15/1625763842963918848.webp',1,17,5,'2023-02-15 16:05:14','2023-02-15 15:48:00','2023-02-15 16:05:14',0,3),(1625786193919201280,1572443275490078720,'灵能百分百第三季完结散花','灵能第三季不错，隔了几年看得还过瘾，你觉得呢？ 😊 ','/acfile-test/coverImage/2023/02/15/1625786193919201280.webp',0,1,5,'2023-02-15 17:23:22','2023-02-15 17:16:49','2023-02-15 17:20:31',0,4),(1625802323819839488,1572443275490078720,'凯撒较大','奥斯卡的铝合金阿拉山口多久啊删掉了 阿斯利康就得啦上课间都懒得 阿卡视角的拉克丝简单的 ','/acfile-test/coverImage/2023/02/15/1625802323819839488.webp',0,0,1,'2023-02-15 18:20:55','2023-02-15 18:20:55','2023-02-15 18:20:55',0,3),(1625837419528531968,1625835011809308672,'士大夫可接受的看',' p 里挥洒多看哈SDK /p p 爱斯达克垃圾啊猎杀对决阿拉丁 /p p 撒开了多久拉克丝多久啊六十大寿来看待结案了山东科技阿里斯顿可结案了SDK /p p 撒开了多久拉克丝多久啊六十大寿来看待结案了山东科技阿里斯顿可结案了SDK /p table style=\"border-collapse: collapse; width: 99.9915%;\" border=\"1\" colgroup col style=\"width: 20%;\" col style=\"width: 20%;\" col style=\"width: 20%;\" col style=\"width: 20%;\" col style=\"width: 20%;\" /colgroup tbody tr td 士大夫算法但是的 /td td 是打发士大夫 /td td 是打发士大夫 /td td sdfsdfsdf /td td 是打发士大夫 /td /tr tr td 是打发士大夫 /td td 是打发士大夫 /td td 是打发士大夫 /td td 是打发士大夫 /td td 是打发士大夫 /td /tr /tbody ','/acfile-test/coverImage/2023/02/15/1625837419528531968.webp',0,0,1,'2023-02-15 20:40:22','2023-02-15 20:40:22','2023-02-15 20:40:22',0,2);
/*!40000 ALTER TABLE `tb_topic` ENABLE KEYS */;
UNLOCK TABLES;

--
-- Table structure for table `tb_topic_html`
--

DROP TABLE IF EXISTS `tb_topic_html`;
/*!40101 SET @saved_cs_client     = @@character_set_client */;
/*!50503 SET character_set_client = utf8mb4 */;
CREATE TABLE `tb_topic_html` (
  `topic_id` bigint NOT NULL,
  `html` varchar(5000) NOT NULL,
  `create_time` datetime DEFAULT CURRENT_TIMESTAMP,
  `update_time` datetime DEFAULT CURRENT_TIMESTAMP,
  `deleted` tinyint DEFAULT '0',
  PRIMARY KEY (`topic_id`),
  CONSTRAINT `tb_topic_html_ibfk_1` FOREIGN KEY (`topic_id`) REFERENCES `tb_topic` (`id`)
) ENGINE=InnoDB DEFAULT CHARSET=utf8mb4 COLLATE=utf8mb4_0900_ai_ci;
/*!40101 SET character_set_client = @saved_cs_client */;

--
-- Dumping data for table `tb_topic_html`
--

LOCK TABLES `tb_topic_html` WRITE;
/*!40000 ALTER TABLE `tb_topic_html` DISABLE KEYS */;
INSERT INTO `tb_topic_html` VALUES (1572508721685839872,'test-test','2022-09-21 16:51:09','2022-09-26 20:51:22',0),(1573240094281240576,'牛逼吧！！！','2022-09-23 17:17:22','2022-09-26 21:42:49',0),(1573322637529608192,'<p style=\"text-align: center;\">刀剑迷冒泡！！</p>\n<p style=\"text-align: center;\"><span style=\"color: rgb(241, 196, 15);\">全体起立</span>🥳</p>\n<p style=\"text-align: center;\"><strong>哈</strong><sup>哈</sup><strong>哈</strong></p>','2022-09-23 22:45:22','2023-01-07 14:42:27',0),(1573324140009017344,'这个二次元三次元混合图片如何','2022-09-23 22:51:20','2022-09-23 22:51:20',0),(1573953638006116352,'这几张如何，画师牛逼','2022-09-25 16:32:44','2022-09-25 16:32:44',0),(1574286298175799296,'愤怒狗头哈哈哈','2022-09-26 14:34:36','2022-09-26 14:34:36',0),(1575129660344836096,'二次元yyds！！！','2022-09-28 22:25:50','2022-09-30 15:44:18',0),(1575868221125820416,'物语系列快来看','2022-09-30 23:20:36','2022-09-30 23:20:36',0),(1578393575279321088,'999999999999997','2022-10-07 22:35:28','2022-10-07 22:36:11',0),(1578709444933029888,'我wk就说水源千鹤yyds','2022-10-08 19:30:37','2022-10-08 19:30:37',0),(1578964177039986688,'404哈哈哈','2022-10-09 12:22:50','2022-10-09 12:22:50',0),(1579019429336363008,'我周哥就爱看这个','2022-10-09 16:02:23','2022-10-09 16:02:23',0),(1579088909127155712,'义勇？？？？','2022-10-09 20:38:28','2022-10-09 20:38:45',0),(1583082176776892416,'5465464','2022-10-20 21:06:17','2022-10-20 21:06:17',0),(1584469610554998784,'小号测试一下','2022-10-24 16:59:27','2022-10-24 16:59:27',0),(1585529145054986240,'以图搜图看下牛不牛','2022-10-27 15:09:40','2022-10-27 15:09:40',0),(1586281501153615872,'测试修改为“话题”后sadad','2022-10-29 16:59:16','2022-11-21 11:34:03',0),(1610188155725148160,'<p style=\"text-align: center;\">😀成功吧</p>\n<p style=\"text-align: left;\">😇</p>\n<p style=\"text-align: center;\">🤑</p>\n<p style=\"text-align: center;\"><s><strong>asdasd</strong></s></p>','2023-01-03 08:15:47','2023-01-03 16:15:46',0),(1611727027223252992,'<p style=\"text-align: center;\">😎好+美+呀🥰</p>','2023-01-07 14:10:42','2023-01-10 06:09:11',0),(1618128090620764160,'<p>asd<strong>asdasdaasdasda😉😊</strong></p>','2023-01-25 14:06:15','2023-01-25 14:06:15',0),(1618130841010540544,'<p style=\"text-align: center;\"><img src=\"/555/topicImage/2023/01/25/1618130069141151744\" alt=\"\" width=\"130\" height=\"200\"><img src=\"http://localhost:8010/555/topicImage/2023/01/25/1618130069141151744\" alt=\"\" width=\"130\" height=\"200\">asd&nbsp; <span style=\"text-decoration: underline;\">asdasd</span></p>\r\n<p style=\"text-align: left;\"><span style=\"text-decoration: underline;\">asdjha😉🙃🙃</span></p>\r\n<table style=\"border-collapse: collapse; width: 99.9305%;\" border=\"1\"><colgroup><col style=\"width: 33.383%;\"><col style=\"width: 33.383%;\"><col style=\"width: 33.383%;\"></colgroup>\r\n<tbody>\r\n<tr>\r\n<td>asdas</td>\r\n<td>zdcz</td>\r\n<td>asdasd</td>\r\n</tr>\r\n<tr>\r\n<td>adssad</td>\r\n<td>cxzc</td>\r\n<td>saf</td>\r\n</tr>\r\n</tbody>\r\n</table>','2023-01-25 14:17:10','2023-01-25 14:17:10',0),(1618136269039628288,'<p><img src=\"/555/topicImage/2023/01/25/1618135709729251328\" alt=\"\" width=\"248\" height=\"248\"></p>\r\n<p>咳咳咳<sup>奶</sup>你按</p>\r\n<table style=\"border-collapse: collapse; width: 99.9305%;\" border=\"1\"><colgroup><col style=\"width: 33.41%;\"><col style=\"width: 33.41%;\"><col style=\"width: 33.1117%;\"></colgroup>\r\n<tbody>\r\n<tr>\r\n<td>sdas</td>\r\n<td>xxx<em><strong>xx</strong></em></td>\r\n<td>yyyy</td>\r\n</tr>\r\n</tbody>\r\n</table>\r\n<p>&nbsp;</p>\r\n<p>as<span style=\"background-color: rgb(251, 238, 184); color: rgb(241, 196, 15);\">da😀😉😎</span></p>','2023-01-25 14:38:44','2023-01-25 14:38:44',0),(1618259943113637888,'<p>sdasdasd</p>\r\n<p style=\"text-align: center;\">cs<strong><s><span style=\"text-decoration: underline;\">acsasc</span></s></strong></p>\r\n<p><span style=\"color: rgb(186, 55, 42); background-color: rgb(241, 196, 15);\">asdas</span></p>\r\n<p><span style=\"background-color: rgb(255, 255, 255);\">asd</span></p>\r\n<p><span style=\"background-color: rgb(255, 255, 255);\">😉😘</span></p>\r\n<hr>\r\n<p>😘</p>\r\n<table style=\"border-collapse: collapse; width: 99.9305%;\" border=\"1\"><colgroup><col style=\"width: 25.0373%;\"><col style=\"width: 25.0373%;\"><col style=\"width: 25.0373%;\"><col style=\"width: 25.0373%;\"></colgroup>\r\n<tbody>\r\n<tr>\r\n<td>asd</td>\r\n<td>xx</td>\r\n<td>xxxx</td>\r\n<td>xxxxx</td>\r\n</tr>\r\n<tr>\r\n<td>xxx</td>\r\n<td>xx</td>\r\n<td>xxx</td>\r\n<td>xxxx</td>\r\n</tr>\r\n</tbody>\r\n</table>','2023-01-25 22:50:11','2023-01-25 22:50:11',0),(1618262833844727808,'<p>********</p>\r\n<table style=\"border-collapse: collapse; width: 44.3805%; height: 52.2666px;\" border=\"1\"><colgroup><col style=\"width: 50.0593%;\"><col style=\"width: 50.0593%;\"></colgroup>\r\n<tbody>\r\n<tr style=\"height: 26.133**x;\">\r\n<td style=\"height: 26.133**x;\">53354</td>\r\n<td style=\"height: 26.133**x;\">54345</td>\r\n</tr>\r\n<tr style=\"height: 26.133**x;\">\r\n<td style=\"height: 26.133**x;\">453453</td>\r\n<td style=\"height: 26.133**x;\">*********</td>\r\n</tr>\r\n</tbody>\r\n</table>\r\n<p>asfdadsdf</p>\r\n<p>😐</p>','2023-01-25 23:01:40','2023-01-25 23:01:40',0),(1618264184276398080,'<p>********</p>\r\n<p>3123213</p>\r\n<p>312313</p>\r\n<p>312313</p>','2023-01-25 23:07:02','2023-01-25 23:07:02',0),(1618265893711130624,'<p>7**7**</p>\r\n<p>***************</p>\r\n<p>*************\\</p>\r\n<p>*********</p>\r\n<p>345688</p>\r\n<p>8**868</p>','2023-01-25 23:13:49','2023-01-25 23:13:49',0),(1618266767728680960,'<p>54444444</p>\r\n<p>546546876</p>\r\n<p>54****5**</p>\r\n<p>27876345153487</p>\r\n<p>879453156</p>','2023-01-25 23:17:18','2023-01-25 23:17:18',0),(1618300477341548544,'<p>7894568794568798898989</p>\r\n<p>5445647865343120800334</p>\r\n<p>58764530564053043876</p>\r\n<p>87067653437642424</p>','2023-01-26 01:31:15','2023-01-26 01:31:15',0),(1618600682196652032,'<p><img src=\"/555/topicImage/2023/01/26/1618600417745727488.png\" alt=\"哈哈哈\" width=\"104\" height=\"95\"></p>\r\n<p>tas5d4a5d45asd4fasd4a</p>\r\n<p>sadfajshdas</p>\r\n<p>av</p>\r\n<p>av😬😚</p>\r\n<p>7<span style=\"text-decoration: underline;\"><s>8<sub>4515</sub>48<sup>4asdasd</sup></s></span></p>','2023-01-26 21:24:09','2023-01-26 21:24:09',1),(1618602902631833600,'<p><img style=\"display: block; margin-left: auto; margin-right: auto;\" src=\"/555/topicImage/2023/01/26/1618602802668900352.jpg\" alt=\"\" width=\"267\" height=\"456\"></p>\r\n<p>sjdghajdasd</p>\r\n<p style=\"text-align: center;\"><span style=\"color: rgb(186, 55, 42);\">😀</span></p>\r\n<p>jasgdhj akfa5</p>\r\n<p>54ddassda</p>','2023-01-26 21:32:59','2023-01-26 21:32:59',0),(1618604290518675456,'<p><img style=\"display: block; margin-left: auto; margin-right: auto;\" src=\"/555/topicImage/2023/01/26/1618604028827537408.jpeg\" alt=\"\" width=\"201\" height=\"201\"></p>\r\n<p><img src=\"/555/topicImage/2023/01/26/1618604085295452160.jpg\" alt=\"\" width=\"201\" height=\"342\"></p>\r\n<p>asjdgaj</p>\r\n<p><img style=\"float: right;\" src=\"/555/topicImage/2023/01/26/1618604208251473920.jpeg\" alt=\"\" width=\"304\" height=\"204\"></p>','2023-01-26 21:38:29','2023-01-26 21:38:29',0),(1618606131486781440,'<p><img src=\"/555/topicImage/2023/01/26/1618606055548780544.jpeg\" alt=\"\" width=\"297\" height=\"443\"></p>\r\n<p>25454</p>\r\n<p><img src=\"/555/topicImage/2023/01/26/1618606104672468992.jpeg\" alt=\"\" width=\"301\" height=\"430\"></p>','2023-01-26 21:45:48','2023-01-26 21:45:48',0),(1618606828403945472,'<p><img style=\"float: right;\" src=\"/555/topicImage/2023/01/26/1618606664054329344.jpeg\" alt=\"\" width=\"132\" height=\"132\"></p>\r\n<p>&nbsp;</p>\r\n<p>&nbsp;</p>\r\n<p>&nbsp;</p>\r\n<p>asdasjkdja</p>\r\n<p>&nbsp;</p>\r\n<p><img style=\"display: block; margin-left: auto; margin-right: auto;\" src=\"/555/topicImage/2023/01/26/1618606762532392960.jpeg\" alt=\"\" width=\"231\" height=\"145\"></p>','2023-01-26 21:48:34','2023-01-26 21:48:34',0),(1618608067938217984,'<p><img style=\"display: block; margin-left: auto; margin-right: auto;\" src=\"/555/topicImage/2023/01/26/1618607796814213120.jpg\" alt=\"\" width=\"272\" height=\"272\"></p>\r\n<p>asjdga hdk</p>','2023-01-26 21:53:30','2023-01-26 21:53:30',0),(1618609617528025088,'<p>sad a</p>\r\n<p><img style=\"display: block; margin-left: auto; margin-right: auto;\" src=\"/555/topicImage/2023/01/26/1618609582732062720.jpg\" alt=\"\" width=\"263\" height=\"263\"></p>','2023-01-26 21:59:39','2023-01-26 21:59:39',0),(1618610038002806784,'<p><img src=\"/555/topicImage/2023/01/26/1618610001780781056.jpeg\" alt=\"\" width=\"265\" height=\"166\"></p>\r\n<p>sadasdasd</p>','2023-01-26 22:01:20','2023-01-26 22:01:20',0),(1618611407606640640,'<p>asdasdhasjd</p>\r\n<p>xansbxjhashgd</p>\r\n<p><img style=\"display: block; margin-left: auto; margin-right: auto;\" src=\"/555/topicImage/2023/01/26/1618611296390365184.jpeg\" alt=\"\" width=\"176\" height=\"176\"></p>\r\n<p><img style=\"float: right;\" src=\"/555/topicImage/2023/01/26/1618611352560484352.jpeg\" alt=\"\" width=\"213\" height=\"143\"></p>','2023-01-26 22:06:46','2023-01-26 22:06:46',0),(1618614157170044928,'<p><img style=\"display: block; margin-left: auto; margin-right: auto;\" src=\"/555/topicImage/2023/01/26/1618614105735278592.jpg\" alt=\"\" width=\"441\" height=\"300\">456456</p>\r\n<p>45656</p>\r\n<p>45654</p>\r\n<p>645</p>\r\n<p>64</p>\r\n<p>6</p>','2023-01-26 22:17:42','2023-01-26 22:17:42',0),(1618615121503449088,'<p>asdasd</p>\r\n<p><img style=\"display: block; margin-left: auto; margin-right: auto;\" src=\"/555/topicImage/2023/01/26/1618615084794839040.jpg\" alt=\"\" width=\"371\" height=\"200\"></p>','2023-01-26 22:21:32','2023-01-26 22:21:32',0),(1618616545868115968,'<p><img style=\"display: block; margin-left: auto; margin-right: auto;\" src=\"/555/topicImage/2023/01/26/1618616470358024192.jpg\" alt=\"\" width=\"348\" height=\"218\"></p>\r\n<p>45645</p>','2023-01-26 22:27:11','2023-01-26 22:27:11',0),(1618617542145339392,'<p><img style=\"display: block; margin-left: auto; margin-right: auto;\" src=\"/555/topicImage/2023/01/26/1618617499245985792.jpeg\" alt=\"\" width=\"239\" height=\"239\"></p>\r\n<p>asjdhjds</p>','2023-01-26 22:31:09','2023-01-26 22:31:09',0),(1618893703370870784,'<p>萧利刚好帅</p>\r\n<p>整天傻逼</p>\r\n<p>牛逼</p>','2023-01-27 16:48:31','2023-01-27 16:48:31',0),(1618895484037476352,'<p>萧利刚牛逼</p>\r\n<p>爱神的箭可好看</p>\r\n<p>按键收到货阿萨德较好的</p>\r\n<p>奥数对接口和发时刻计划阿数分课间哈克闪电发货</p>\r\n<p>阿数据返回阿康师傅几哈开始减肥哈萨克分解后看</p>','2023-01-27 16:55:35','2023-01-27 16:55:35',0),(1618897237357211648,'<p>sadads</p>','2023-01-27 17:02:33','2023-01-27 17:02:33',0),(1618901013015130112,'<p>asda d</p>\r\n<p>fafasdfjhas</p>\r\n<p>asdasdas</p>','2023-01-27 17:17:34','2023-01-27 17:17:34',0),(1618901736687759360,'<p>啊哈哈哈哈哈哈</p>\n<p>hjjf</p>\n<p>结果UI个***脚后跟j</p>\n<p>hgh</p>','2023-01-27 17:20:26','2023-01-27 17:20:26',0),(1618910736292577280,'<p data-first-child=\"\">据美国《福布斯》网站26日报道，微软公司联合创始人比尔&middot;盖茨日前在澳大利亚接受采访时表示，中国近几十年来的崛起是&ldquo;世界的巨大胜利&rdquo;。他还说，美国如今在政治上&ldquo;更为衰弱&rdquo;，像中国这样的国家需要在世界治理中发挥更大的作用。</p>\r\n<p>美国福克斯商业网站称，盖茨是周一（23日）在澳大利亚智库洛伊国际政策研究所参加活动时发表上述言论的。当被问及对中国有多&ldquo;看好&rdquo;时，他指出，中国占据了全球人口数量的近20%，如今其在全球经济中的比重与其在全球人口中的比重完全匹配，&ldquo;我倾向于将中国崛起视为世界的巨大胜利&rdquo;。</p>\r\n<p>盖茨还称，美国当前对中国的心态是一种&ldquo;双输心态&rdquo;，而中国也对此给予相对的回应。他说：&ldquo;如果你问美国政客，&lsquo;嘿，你希望中国经济收缩20%还是增长20%&rsquo;？恐怕他们会投票支持&lsquo;是的，让我们去搞穷那些人&rsquo;，而不明白对于全球经济、癌症药物的发明、气候变化的解决来说，我们都休戚与共。&rdquo;</p>','2023-01-27 17:56:12','2023-01-27 17:56:12',1),(1618942799544606720,'<p>😎</p>\n<p>😁</p>\n<div>\n<div>\n<p data-first-child=\"\" data-pid=\"p2zUqwx0\">**是很难的，那堆在广西北海驻扎的坑**滓耗得起时间。有时间的可以搞一下。</p>\n<p data-pid=\"bVl_rmoU\">我在2020时候去过广西，当时到了北海打的士（别问为啥，问就是当时*风）</p>\n<p data-pid=\"sA44VpSp\">**问**大哥哪里有好吃，接下来是标准剧情，对的，被坑了，也不多，就是几百块。</p>\n<p data-pid=\"T22jJUF0\">后面滴滴回去酒店，没*住问了滴滴**。</p>\n<p data-pid=\"yJ6vpuSB\">滴滴**这么和我说：&ldquo;我有常去的店，但我不能推荐你去，因为会坑你。我建议你也别问那些的士或者其他滴滴**，很大可能也会把你带去其他很差的店，你真的要去，去大众点评什么，或者去那个风情街，那个风情街之前被整顿了好多次，里面的都是比较规矩的，不会乱来，我建议去那里看看，别相信什么小店，都是坑人的。&rdquo;</p>\n<p data-pid=\"l9F3W_uS\">结合最近看的三亚新闻，旅游城市的乱不是一年半年，更不要说刚**，何止是薅羊毛，直接把羊吃到骨头都没了。</p>\n</div>\n<br>作者：辉少<br>**：https://*************/question/580710297/answer/2861955658<br>来源：知乎<br>著作*归作者所有。商业转载请**作者获得授*，非商业转载请注明出处。</div>','2023-01-27 20:03:36','2023-01-27 20:03:36',0),(1618962809390370816,'<div>\r\n<div>\r\n<p data-first-child=\"\" data-pid=\"Uy6Hk8V5\">需求的前提是抓痛点，痛点的前提是有痛感。一个人连痛感都没有，你告诉他背上有只老虎，让他掸一掸，他不觉得你更需要健康建议就不错了。在他们的认知里，你那个制氧机，就是用来掸老虎的拂尘，拿来打扫卫生都嫌不好用，没给你扔了就是单纯因为不想糟蹋东西，哪怕他们对这个东西的价值一无所知。</p>\r\n<p data-pid=\"wVVBdhxd\">所以要想让他们用制氧机，就要用魔法打败魔法。比如告诉他们这个制氧机可以预防新冠，再比如说每吸氧多一小时，可以延长寿命25分钟，所以晚上睡觉挂机等于白捡寿命。把这个收益说得越简明越好，越快收效越好。</p>\r\n<p data-pid=\"-M7jMVrU\">不要回避一个现实，就是缺乏认知的人倾向于短视，长期且抽象的收益对他们很难有吸引力。</p>\r\n</div>\r\n<br><br>作者：炸乎<br>链接：https://www.zhihu.com/question/580774824/answer/2862429781<br>来源：知乎<br>著作权归作者所有。商业转载请联系作者获得授权，非商业转载请注明出处。</div>','2023-01-27 21:23:07','2023-01-27 21:23:07',0),(1618963929336741888,'<div>\r\n<div>\r\n<p data-first-child=\"\" data-pid=\"Uy6Hk8V5\">需求的前提是抓痛点，痛点的前提是有痛感。一个人连痛感都没有，你告诉他背上有只老虎，让他掸一掸，他不觉得你更需要健康建议就不错了。在他们的认知里，你那个制氧机，就是用来掸老虎的拂尘，拿来打扫卫生都嫌不好用，没给你扔了就是单纯因为不想糟蹋东西，哪怕他们对这个东西的价值一无所知。</p>\r\n<p data-pid=\"wVVBdhxd\">所以要想让他们用制氧机，就要用魔法打败魔法。比如告诉他们这个制氧机可以预防新冠，再比如说每吸氧多一小时，可以延长寿命25分钟，所以晚上睡觉挂机等于白捡寿命。把这个收益说得越简明越好，越快收效越好。</p>\r\n<p data-pid=\"-M7jMVrU\">不要回避一个现实，就是缺乏认知的人倾向于短视，长期且抽象的收益对他们很难有吸引力。</p>\r\n</div>\r\n<br><br>作者：炸乎<br>链接：https://www.zhihu.com/question/580774824/answer/2862429781<br>来源：知乎<br>著作权归作者所有。商业转载请联系作者获得授权，非商业转载请注明出处。</div>','2023-01-27 21:27:34','2023-01-27 21:27:34',0),(1618964918424928256,'<p>士大夫士大夫是劳动法lsdf</p>\r\n<p>是看到就烦lskdf</p>','2023-01-27 21:31:30','2023-01-27 21:31:30',0),(1618966733073788928,'<p>士大夫酸辣粉胜多负少的咖啡机卡</p>','2023-01-27 21:38:43','2023-01-27 21:38:43',0),(1618967260654317568,'<p>士大夫就是懂法守法士大夫双方都速率快的附件</p>','2023-01-27 21:40:48','2023-01-27 21:40:48',0),(1618968138509512704,'<p>阿萨德阿萨德很骄傲卡复活akjf</p>','2023-01-27 21:44:18','2023-01-27 21:44:18',0),(1618968659412738048,'<p>的反抗灵魂石浪费肯德基slfslfj</p>','2023-01-27 21:46:22','2023-01-27 21:46:22',0),(1618969391083892736,'<p>的反抗灵魂石浪费肯德基slfslfj</p>','2023-01-27 21:49:16','2023-01-27 21:49:16',0),(1618970149191774208,'<p>asdjhaskdjas</p>','2023-01-27 21:52:17','2023-01-27 21:52:17',0),(1618970690345091072,'<p>士大夫会计核算巅峰计划</p>','2023-01-27 21:54:26','2023-01-27 21:54:26',0),(1618972077938262016,'<p>爱斯达克升第几暗黑风</p>\n<p>几十块会飞的健身房上课</p>\n<p>爱神的箭kg啊哈开始的</p>\n<p>阿萨德加感动</p>','2023-01-27 21:59:57','2023-01-27 21:59:57',0),(1619001609684643840,'<p>阿士大夫和删掉了卡狂欢节考多少复活安富利极大酸辣粉</p>\n<p>&nbsp;</p>\n<p>阿士大夫和爱克发half级啊伏拉夫af</p>\n<p>AFK和爱克发</p>','2023-01-27 23:57:18','2023-01-27 23:57:18',0),(1619004235373453312,'<p>啥就会asl</p>\n<p>埃算*接*和阿开始减肥法法法法法法</p>\n<p>氨基酸卡**AK</p>','2023-01-28 00:07:44','2023-01-28 00:07:44',0),(1619007559048998912,'<p>啊所发生的看</p>\n<p>as发课件爱上咖啡</p>\n<p>安居客是否会爱克发</p>\n<p>士大夫海*市东方红</p>\n<p>*</p>\n<p>和电话回访航空港</p>','2023-01-28 00:20:56','2023-01-28 00:20:56',0),(1619009875756007424,'<p>删掉了废旧塑料大富科技</p>\n<p>就开始**费ksdfh几十块**费ksdfjksdfs</p>\n<p>塑料袋喝咖啡首领都付款后</p>\n<p>疾风剑豪发</p>\n<p>爱神的箭发哈客服就会</p>\n<p>&nbsp;</p>','2023-01-28 00:30:08','2023-01-28 00:30:08',0),(1619013334148382720,'<p>第三方会计师大富科技数分课煽风点火</p>\n<p>沙发里挥洒副科级暗示*</p>\n<p>**决分段函数的看*建行卡</p>\n<p>sakjdhkasjd</p>\n<p>垃圾的哈卡达</p>\n<p>暗杀黑三快点</p>\n<p>爱江山都卡数分课间好</p>','2023-01-28 00:43:53','2023-01-28 00:43:53',0),(1619186506348978176,'<p>都是开集粉红*快递费</p>\n<p>房子</p>\n<p>奥斯卡剪短发哈可视对讲</p>','2023-01-28 12:12:01','2023-01-28 12:12:01',0),(1619274124591976448,'<p>爱神的箭卡仕达卡加斯的哈卡达</p>','2023-01-28 18:00:10','2023-01-28 18:00:10',0),(1619292663809953792,'<p>安抚就卡到话费卡活动经费辣椒粉</p>\n<p>房子</p>\n<p>***</p>\n<p>http://feigao.weebly.com/</p>\n<p data-first-child=\"\" data-pid=\"biaeJYRB\">桂林&hellip;&hellip;师大附&hellip;&hellip;</p>\n<p data-pid=\"wphdG88g\">怎么看着感觉应该是CKY带出来的&hellip;&hellip;</p>\n<p data-pid=\"ItpBgdvn\">感性的话就不多说了，年轻真好呀。</p>\n<p data-pid=\"ItpBgdvn\">房色</p>','2023-01-28 19:13:50','2023-01-28 19:13:50',0),(1619305120997699584,'<p>as发课件哈首付款哈螺蛳粉卡洛斯咖啡机安律师费</p>\r\n<p>沙井开发哈市空集符号afsk卡死复活卡</p>\r\n<div>\r\n<div>\r\n<p data-first-child=\"\" data-pid=\"8zNcV8xH\">说起C罗去沙特联赛，我想到了几年前广州恒大买那个黑人马丁内斯，据说身价4500万欧元。</p>\r\n<p data-pid=\"V43dfMpr\">不会过人不会带球不会传球，踩个单车都能被日本后卫一脚断了，关键是还没有速度，但毕竟是马竞过来的神锋，恒大给了他无限信任，结果就是那年亚冠恒大作为卫冕冠军直接小组赛出局。</p>\r\n<p data-pid=\"i20POxFK\">所以那人后来有了个绰号&ldquo;水马&rdquo;。他是我见过的恒大最差引援，没有之一。</p>\r\n<p data-pid=\"QYk7HF8c\">C罗目前的能力，比水马好不了多少</p>\r\n</div>\r\n<br><br>作者：梅黑的爷爷<br>链接：https://www.zhihu.com/question/580842184/answer/2863340540<br>来源：知乎<br>著作权归作者所有。商业转载请联系作者获得授权，非商业转载请注明出处。</div>','2023-01-28 20:03:20','2023-01-28 20:03:20',1),(1619308883875590144,'<p>风凉话监考老师地划分开始的福克斯</p>\r\n<p>as的空间哈萨克的骄傲和</p>','2023-01-28 20:18:17','2023-01-28 20:18:17',1),(1619311006533136384,'<p>爱神的箭看哈谁看得见哈克四朵金花a</p>\r\n<p>夹克衫打卡时接电话卡就收到货</p>\r\n<p>阿贾克斯打开手机红打卡机上党课</p>\r\n<p>阿斯加德哈克实践活动卡健身房</p>\r\n<p>阿克苏发货啦卡卡姐时刻计划&nbsp;</p>','2023-01-28 20:26:44','2023-01-28 20:26:44',1),(1619311740020436992,'<p>阿分手快乐回来看jl</p>\r\n<p>加首付卡卷啊上分很快</p>\r\n<p style=\"text-align: center;\"><sub>卡<strong><s><span style=\"text-decoration: underline;\"><em>扣伙食费卡金</em></span></s></strong>虎送福可交换</sub></p>\r\n<p style=\"text-align: center;\"><sub>奥斯卡黄发卡机数分课间</sub></p>\r\n<p style=\"text-align: center;\"><sub>😜</sub></p>','2023-01-28 20:29:38','2023-01-28 20:29:38',1),(1619644502795436032,'<p>暗示分离哈客服就会</p>\r\n<p>AK士大夫拉开&nbsp;</p>','2023-01-29 18:31:55','2023-01-29 18:31:55',0),(1620314106559578112,'<p>如今《<a class=\"RichContent-EntityWord css-pgtd2j\" href=\"https://www.zhihu.com/search?q=%E6%B5%81%E6%B5%AA%E5%9C%B0%E7%90%832&amp;search_source=Entity&amp;hybrid_search_source=Entity&amp;hybrid_search_extra=%7B%22sourceType%22%3A%22answer%22%2C%22sourceId%22%3A2868020103%7D\" target=\"_blank\" rel=\"noopener\" data-za-not-track-link=\"true\">流浪地球2</a>》火遍全网，电影中的核心科技，就是高速发展后的未来核工业，以至于不禁让人联想，如果人类真的失去太阳，地球真的需要流浪，核工业就是保持人类文明的基石。文明、地球、太阳、人类、电影</p>','2023-01-31 14:52:41','2023-01-31 14:52:41',0),(1620314287581544448,'<p>实，太阳里是存在一个自发的负反馈机制的，核聚变需要非常高的温度和压强才能发生，而太阳核心一直具备氢聚变的条件，在负反馈机制的限制下，可以让太阳物质的万有引力与氢聚变的能量释放刚好达到平衡，这就促使太阳在几十亿年来一直相对稳定。但是、</p>\n<p>氦聚变没有这样的负反馈机制，当氦在太阳引力的作用下向内收缩时，温度升高，但压强不变，直到温度高达一亿度，氦被点燃，聚变放出的能量让温度升得更高，让更多的氦聚变。也就是说，氦聚变只有正反馈，没有负反馈，最终会造成一场失控的爆炸，这就是氦闪。</p>\n<p>文明、地球、太阳、人类、电影</p>','2023-01-31 14:53:24','2023-01-31 14:53:24',0),(1620321986654289920,'<div>在以秒计的时间里，太阳核心的氦剧烈燃烧，产生的能量比平时高千亿倍，同时耗尽了太阳核心中的氢，并持续升高核心温度，导致核心边缘一层本来不能聚变的氢也开始发生聚变，让太阳急剧膨胀，甚至彻底占据了地球轨道。从居安思危的角度来看，这在很久以后的未来是有可能发生的，或许是几十亿年以后。虽然现在不用担心这个问题，</div>\n<div>但作为科幻电影，能够复现或者预测这个场景，也的确会带来更多对未来危机的思考。</div>\n<p>&nbsp;</p>','2023-01-31 15:24:00','2023-01-31 15:24:00',0),(1620324363797004288,'<p>奥斯卡第六届奥斯卡的骄傲了</p>\n<div>\n<div>《流浪地球2》中，人类计划给地球安装上万座巨大的行星发动机，推动地球离开太阳系，这些发动机就是重核聚变<a class=\"RichContent-EntityWord css-pgtd2j\" href=\"https://www.zhihu.com/search?q=%E8%A1%8C%E6%98%9F%E5%8F%91%E5%8A%A8%E6%9C%BA&amp;search_source=Entity&amp;hybrid_search_source=Entity&amp;hybrid_search_extra=%7B%22sourceType%22%3A%22answer%22%2C%22sourceId%22%3A2868020103%7D\" target=\"_blank\" rel=\"noopener\" data-za-not-track-link=\"true\">行星发动机</a>。可控核聚变并非奇思妙想，它正是目前世界最前沿的重大核科学研究，也是各国都在深入研究的大科学工程。影片中最引人注目的重核聚变行星发动机，全球布置上万台，每台发动机的高度比珠穆朗玛峰还高2.2公里，单台发动机能提供150亿吨的推力。</div>\n作者：中国核工业集团有限公司<br>链接：https://www.zhihu.com/question/581359988/answer/2868020103<br>来源：知乎<br>著作权归作者所有。商业转载请联系作者获得授权，非商业转载请注明出处。</div>\n<div>在以秒计的时间里，太阳核心的氦剧烈燃烧，产生的能量比平时高千亿倍，同时耗尽了太阳核心中的氢，并持续升高核心温度，导致核心边缘一层本来不能聚变的氢也开始发生聚变，让太阳急剧膨胀，甚至彻底占据了地球轨道。从居安思危的角度来看，这在很久以后的未来是有可能发生的，或许是几十亿年以后。虽然现在不用担心这个问题，但作为科幻电影，能够复现或者预测这个场景，也的确会带来更多对未来危机的思考</div>','2023-01-31 15:33:27','2023-01-31 15:33:27',0),(1620325085330538496,'<p>🙄😡</p>\r\n<p>按时间发哈看世界复活卡上积分</p>','2023-01-31 15:36:19','2023-01-31 15:36:19',0),(1620327540009218048,'<div>在以秒计的时间里，太阳核心的氦剧烈燃烧，产生的能量比平时高千亿倍，同时耗尽了太阳核心中的氢，并持续升高核心温度，导致核心边缘一层本来不能聚变的氢也开始发生聚变，让太阳急剧膨胀，甚至彻底占据了地球轨道。从居安思危的角度来看，这在很久以后的未来是有可能发生的，或许是几十亿年以后。虽然现在不用担心这个问题，</div>\r\n<div>😇</div>\r\n<div>但作为科幻电影，能够复现或者预测这个场景，也的确会带来更多对未来危机的思考。</div>','2023-01-31 15:46:04','2023-01-31 15:46:04',0),(1620327828237594624,'<p>重核聚变是采用硅等元素作为聚变原料，首先要克服原子核之间的静电斥力，众所周知，越重的原子核所带电荷越多，越难以产生聚变。因此各国重点研究的可控核聚变均采用轻核聚变，即用氢的两个同位素&mdash;&mdash;氘和氚来进行研究。</p>','2023-01-31 15:47:13','2023-01-31 15:47:13',0),(1620327986748731392,'<p>发哈发课件暗黑风</p>\r\n<p>埃里克森符号兰蔻粉水拉开发</p>\r\n<p>来看说服力卡司法局连卡佛</p>\r\n<p>了看是否拉康师傅拉开犯傻联发科</p>\r\n<p>AK律师费拉克丝发挥了卡死发货啦开发</p>\r\n<p>拉拉手法拉康师傅赫拉开发克里斯发挥了洒咖啡</p>','2023-01-31 15:47:50','2023-01-31 15:47:50',0),(1620328155225534464,'<p>阿斯蒂芬has咖啡机哈开发</p>\r\n<p>按实际和反馈sjfhkajsfhkajfhj</p>\r\n<p>阿贾克斯发给卡健身房环境开发</p>\r\n<p>阿斯蒂芬哈卡复活卡卷返回空</p>\r\n<p>来看双方都拉康师傅里卡复活</p>\r\n<p>埃里克罗斯福号拉丝粉卡李开复</p>\r\n<div>\r\n<div>国际热核聚变实验堆（ITER）项目就是正在通过模拟太阳的核聚变反应，产生能量并实现可控利用。由中核集团牵头研发的中国新一代&ldquo;人造太阳&rdquo;装置（HL-2M）在2022年实现等离子体电流突破100万安培（1兆安），创造了中国可控核聚变装置运行新纪录，标志着我国核聚变研发距离聚变点火迈进重要一步，跻身国际第一方阵。因此，电影中展现中国牵头的行星发动机项目，正是建立在中国具有世界领先的核聚变实力基础之上，才显得真实可信。</div>\r\n<br><br>作者：中国核工业集团有限公司<br>链接：https://www.zhihu.com/question/581359988/answer/2868020103<br>来源：知乎<br>著作权归作者所有。商业转载请联系作者获得授权，非商业转载请注明出处。</div>','2023-01-31 15:48:31','2023-01-31 15:48:31',0),(1620385596059541504,'<p>今天又是打代码的一天，真的好累。什么时候项目能上线🤓</p>','2023-01-31 19:36:46','2023-01-31 19:36:46',0),(1620385838091853824,'<p>打代码做开发真的好吗？今天又思考了这个问题</p>','2023-01-31 19:37:43','2023-01-31 19:37:43',0),(1620386550246907904,'<p>😚数据库电话费看世界后方可闪电发货奥斯卡开了多久阿斯拉达</p>','2023-01-31 19:40:33','2023-01-31 19:40:33',0),(1620386717213761536,'<p>士大夫看似简单废了空军说浪费</p>\r\n<p>里盛开的花发牢骚肯定发火</p>','2023-01-31 19:41:13','2023-01-31 19:41:13',0),(1620733888274436096,'<p>文档代码文档代码文档代码这些关键字还不行？</p>','2023-02-01 18:40:45','2023-02-01 18:40:45',0),(1620798036832165888,'<p>压缩图片成不成功啊</p>','2023-02-01 22:55:40','2023-02-01 22:55:40',0),(1620799484177420288,'<p>来个超大的图片，还不成功？</p>','2023-02-01 23:01:25','2023-02-01 23:01:25',0),(1620799929377624064,'<p>这个压缩的怎么样呢？</p>','2023-02-01 23:03:11','2023-02-01 23:03:11',0),(1620800975554482176,'<p>我抄压缩烦死了，敏感词嫖娼</p>','2023-02-01 23:07:20','2023-02-01 23:07:20',0),(1620801365251457024,'<p>这个压缩怎么样？？？</p>','2023-02-01 23:08:53','2023-02-01 23:08:53',0),(1620801675424432128,'<p>高清阿斯利康大富豪和阿奥斯卡发动机案例库</p>','2023-02-01 23:10:07','2023-02-01 23:10:07',0),(1620826324195606528,'<p>asdajsdlkajdkla</p>','2023-02-02 00:48:03','2023-02-02 00:48:03',0),(1620836935784738816,'<p>sdfsdfsf</p>','2023-02-02 01:30:19','2023-02-02 01:30:19',0),(1620839998595543040,'<p>数据库烦得很收快递费就和试试多开就返回sdf</p>\r\n<p>了但是卡复活是的发送到发</p>','2023-02-02 01:42:24','2023-02-02 01:42:24',0),(1620843639704395776,'<p>阿斯顿发发会发</p>','2023-02-02 01:56:52','2023-02-02 01:56:52',0),(1620843900736905216,'<p>阿凡达拉还是分开开好了</p>','2023-02-02 01:57:54','2023-02-02 01:57:54',0),(1620844360919162880,'<p>sad，麻烦您收代理费克拉斯大&nbsp;</p>','2023-02-02 01:59:44','2023-02-02 01:59:44',0),(1620844508973899776,'<p>沙发as暗示法萨芬</p>','2023-02-02 02:00:19','2023-02-02 02:00:19',0),(1620845059463716864,'<p>算法的看回放是劳动法红烧豆腐</p>','2023-02-02 02:02:30','2023-02-02 02:02:30',0),(1620858493408481280,'<p>电饭锅电饭锅</p>','2023-02-02 02:55:53','2023-02-02 02:55:53',0),(1620859364087255040,'<p>电饭锅电饭锅电饭锅电饭锅的</p>','2023-02-02 02:59:21','2023-02-02 02:59:21',0),(1620859989025968128,'<p>阿斯顿法师法师法师暗示法司法</p>','2023-02-02 03:01:50','2023-02-02 03:01:50',0),(1621076114930221056,'<p>案发时发放</p>','2023-02-02 17:20:38','2023-02-02 17:20:38',0),(1621076279246274560,'<p>电饭锅电饭锅</p>','2023-02-02 17:21:17','2023-02-02 17:21:17',0),(1621078982781386752,'<p>官方回答法律规定</p>\r\n<p>速率快的附件塑料袋咖啡健身房</p>\r\n<p>立卡户圣诞福利上课的和分类</p>','2023-02-02 17:32:02','2023-02-02 17:32:02',0),(1621080507809349632,'<p>是打发士大夫会卡死积分的</p>\r\n<p>近代史付款时间电话费肯定是</p>\r\n<p>流口水的福克斯货到付款收到回复</p>\r\n<p>就是的合法空间上东方航空</p>','2023-02-02 17:38:06','2023-02-02 17:38:06',0),(1621080832943407104,'<p>士大夫杀戮空间邓弗里斯开发</p>\r\n<p>莱克斯顿和分类上岛咖啡</p>\r\n<p>了圣诞狂欢发了啥肯定发火说浪费</p>','2023-02-02 17:39:23','2023-02-02 17:39:23',0),(1621081824330072064,'<p>森岛帆高收个首个</p>','2023-02-02 17:43:19','2023-02-02 17:43:19',0),(1621083271666970624,'<p>斯蒂芬库里时间了房间里的说法</p>','2023-02-02 17:49:05','2023-02-02 17:49:05',0),(1621083577859551232,'<p>山东高法是东莞市🤓</p>','2023-02-02 17:50:17','2023-02-02 17:50:17',0),(1621083986481229824,'<p>电饭锅梵蒂冈</p>','2023-02-02 17:51:55','2023-02-02 17:51:55',0),(1621084304736542720,'<p>水电费水电费水电费算法</p>','2023-02-02 17:53:11','2023-02-02 17:53:11',0),(1621085048298647552,'<p>高度和得很大度</p>','2023-02-02 17:56:34','2023-02-02 17:56:34',0),(1621085502998847488,'<p>省东莞市故事梗概</p>','2023-02-02 17:59:03','2023-02-02 17:59:03',0),(1621085922697682944,'<p>电饭锅电饭锅电饭锅</p>','2023-02-02 18:00:31','2023-02-02 18:00:31',0),(1621086464526262272,'<p>电饭锅电饭锅的</p>','2023-02-02 18:01:57','2023-02-02 18:01:57',0),(1621088320459657216,'<p>水电费水电费第三方</p>','2023-02-02 18:09:08','2023-02-02 18:09:08',0),(1621090566761164800,'<p>森岛帆高收个首个三个点</p>','2023-02-02 18:18:04','2023-02-02 18:18:04',0),(1621091246678814720,'<p>谁发个士大夫就是劳动法可j</p>\r\n<p>里肯定是非蓝思科技颠覆了</p>\r\n<p>了肯定数据分类看似简单分类算法</p>','2023-02-02 18:20:46','2023-02-02 18:20:46',0),(1621091780919898112,'<p>梵蒂冈的说法归属感</p>','2023-02-02 18:22:53','2023-02-02 18:22:53',0),(1621093204990963712,'<p>是打发士大夫教科书定积分</p>','2023-02-02 18:28:33','2023-02-02 18:28:33',0),(1621095679240253440,'<p>士大夫水电费水电费水电费算法</p>','2023-02-02 18:38:23','2023-02-02 18:38:23',0),(1621096527106224128,'<p>是的方式来开发就是</p>','2023-02-02 18:41:45','2023-02-02 18:41:45',0),(1621097160228024320,'<p>法拉快手客服静安里盛开的</p>\r\n<p>萨拉绿色防控就安分了</p>\r\n<p>暗示分离卡卷啊螺蛳粉</p>','2023-02-02 18:44:16','2023-02-02 18:44:16',0),(1621103675953381376,'<p>对伐啦开始反击老卡死的骄傲的</p>','2023-02-02 19:10:09','2023-02-02 19:10:09',0),(1621103977871966208,'<p>删掉了福建省来看待防辐射</p>','2023-02-02 19:11:21','2023-02-02 19:11:21',0),(1621117263086727168,'<p>的算法速率快的附件士大夫</p>','2023-02-02 20:04:21','2023-02-02 20:04:21',0),(1621120769445085184,'<p>水电费卡吉林省</p>','2023-02-02 20:18:05','2023-02-02 20:18:05',0),(1621121126866894848,'<p>阿萨德卡卷啊塞德里克</p>','2023-02-02 20:19:30','2023-02-02 20:19:30',0),(1621122308209471488,'<p>圣诞福利开始的杰弗里斯看京东方</p>','2023-02-02 20:24:12','2023-02-02 20:24:12',0),(1621123823305334784,'<p>是的发送到顺丰到付士大夫的</p>','2023-02-02 20:30:13','2023-02-02 20:30:13',0),(1621124068303020032,'<p>圣诞福利圣诞节联发科见识到了发快递</p>','2023-02-02 20:31:11','2023-02-02 20:31:11',0),(1621142847502258176,'<p>圣诞福利是看到就烦上来看待</p>','2023-02-02 21:45:49','2023-02-02 21:45:49',0),(1621143515449339904,'<p>士大夫看似简单后方可</p>','2023-02-02 21:48:28','2023-02-02 21:48:28',0),(1621145866046361600,'<p>发了开讲啦开始反击阿里斯顿</p>','2023-02-02 21:57:48','2023-02-02 21:57:48',0),(1621146231143747584,'<p>士大夫会计师的房间里卡时凤兰金啊</p>','2023-02-02 21:59:15','2023-02-02 21:59:15',0),(1621147003281580032,'<p>离开时大姐夫垃圾康师傅拉丝粉结案率</p>','2023-02-02 22:02:20','2023-02-02 22:02:20',0),(1621147364075610112,'<p>斯蒂芬库里世纪东方老司机颠覆了时代峰峻</p>','2023-02-02 22:03:45','2023-02-02 22:03:45',0),(1621147788803416064,'<p>圣诞福利看似简单菲利克斯的附件</p>','2023-02-02 22:05:27','2023-02-02 22:05:27',0),(1621150187320352768,'<p>拉可视对讲菲拉斯看附件</p>','2023-02-02 22:14:58','2023-02-02 22:14:58',0),(1621150623649603584,'<p>塑料袋咖啡聚少离多发课件</p>','2023-02-02 22:16:42','2023-02-02 22:16:42',0),(1621165289096462336,'<p>阿拉山口和分类卡就废了</p>\n<p>as的空间阿萨德</p>\n<p>😉</p>\n<p><img style=\"display: block; margin-left: auto; margin-right: auto;\" src=\"/555/topicImage/2023/02/02/1621165257370697728.webp\" alt=\"\" width=\"400\" height=\"400\"></p>\n<p><img src=\"/555/topicImage/2023/02/02/1621166703969370112.webp\" alt=\"\" width=\"1920\" height=\"1200\"></p>','2023-02-02 23:14:59','2023-02-02 23:14:59',0),(1621168257074053120,'<p><img style=\"display: block; margin-left: auto; margin-right: auto;\" src=\"/555/topicImage/2023/02/02/1621168028807397376.webp\" alt=\"\" width=\"209\" height=\"356\"></p>\r\n<p>&nbsp;</p>\r\n<p><img style=\"display: block; margin-left: auto; margin-right: auto;\" src=\"/555/topicImage/2023/02/02/1621168119060430848.webp\" alt=\"\" width=\"217\" height=\"345\"></p>\r\n<p>奥斯卡级德哈卡圣诞节啊</p>','2023-02-02 23:26:47','2023-02-02 23:26:47',0),(1621169949517570048,'<p><img style=\"display: block; margin-left: auto; margin-right: auto;\" src=\"/555/topicImage/2023/02/02/1621169727492128768.webp\" alt=\"\" width=\"174\" height=\"276\"></p>\r\n<p><img style=\"display: block; margin-left: auto; margin-right: auto;\" src=\"/555/topicImage/2023/02/02/1621169897881534464.webp\" alt=\"\" width=\"139\" height=\"237\">撒娇的哈斯柯达</p>\r\n<p>&nbsp;</p>','2023-02-02 23:33:30','2023-02-02 23:33:30',0),(1621170730052378624,'<p>考虑到萨芬加拉手咖啡机阿里</p>\r\n<p><img style=\"display: block; margin-left: auto; margin-right: auto;\" src=\"/555/topicImage/2023/02/02/1621170600297373696.webp\" alt=\"\" width=\"244\" height=\"325\"></p>\r\n<p>阿斯加德哈克四朵金花</p>\r\n<p><img style=\"display: block; margin-left: auto; margin-right: auto;\" src=\"/555/topicImage/2023/02/02/1621170681192914944.webp\" alt=\"\" width=\"236\" height=\"420\"></p>','2023-02-02 23:36:36','2023-02-02 23:36:36',0),(1621171937596694528,'<p><img style=\"display: block; margin-left: auto; margin-right: auto;\" src=\"/555/topicImage/2023/02/02/1621171793451110400.webp\" alt=\"\" width=\"325\" height=\"203\"></p>\r\n<p>所发生的是打发士大夫</p>\r\n<p><img style=\"display: block; margin-left: auto; margin-right: auto;\" src=\"/555/topicImage/2023/02/02/1621171873621037056.webp\" alt=\"\" width=\"233\" height=\"146\"></p>','2023-02-02 23:41:24','2023-02-02 23:41:24',0),(1621173023229370368,'<p>暗示分离卡加斯福利卡积分时</p>\r\n<p><img src=\"/555/topicImage/2023/02/02/1621172992728453120.webp\" alt=\"\" width=\"315\" height=\"211\"></p>','2023-02-02 23:45:43','2023-02-02 23:45:43',0),(1621173906025484288,'<p>法兰克卡死建档立卡时间的拉卡德</p>\n<p>as断开连接爱上了肯德基阿萨德</p>\n<p>阿萨德老客户静安里盛开的骄傲了</p>\n<p><img style=\"display: block; margin-left: auto; margin-right: auto;\" src=\"/555/topicImage/2023/02/02/1621173690408939520.webp\" alt=\"\" width=\"166\" height=\"231\"></p>\n<p>&nbsp;</p>\n<p><img style=\"display: block; margin-left: auto; margin-right: auto;\" src=\"/555/topicImage/2023/02/02/1621173758620905472.webp\" alt=\"\" width=\"154\" height=\"263\"></p>\n<p>&nbsp;</p>\n<p><img style=\"display: block; margin-left: auto; margin-right: auto;\" src=\"/555/topicImage/2023/02/03/1621179424450326528.webp\" alt=\"\" width=\"195\" height=\"195\"></p>\n<p>&nbsp;</p>','2023-02-02 23:49:14','2023-02-02 23:49:14',0),(1621180104305016832,'<p>士大夫蓝思科技的辐射觉得烦</p>\n<p>&nbsp;</p>\n<p><img style=\"display: block; margin-left: auto; margin-right: auto;\" src=\"/555/topicImage/2023/02/03/1621180068284379136.webp\" alt=\"\" width=\"192\" height=\"327\"></p>\n<p>&nbsp;</p>','2023-02-03 00:13:52','2023-02-03 00:13:52',0),(1621183114108223488,'<p>删掉了看附件奥拉夫建安费</p>\n<p>阿拉山口的骄傲了山东科技阿斯拉达</p>\n<p>拉上就得啦看似简单拉伤的</p>\n<p><img src=\"/555/topicImage/2023/02/03/1621183018046115840.webp\" alt=\"\" width=\"277\" height=\"188\"></p>\n<p>&nbsp;</p>','2023-02-03 00:25:49','2023-02-03 00:25:49',0),(1621404307025391616,'<p>暗示法司法倒垃圾酸辣粉卡</p>','2023-02-03 15:04:46','2023-02-03 15:04:46',0),(1621572877562687488,'<p>删掉了发了啥颠覆了</p>','2023-02-04 02:14:36','2023-02-04 02:14:36',0),(1621576118362976256,'<p>收快递费就行列式打卡记录算法的</p>','2023-02-04 02:27:28','2023-02-04 02:27:28',0),(1621778881407651840,'<p>士大夫开始的就发了收快递费就</p>','2023-02-04 15:53:11','2023-02-04 15:53:11',0),(1621850305942003712,'<p>时代峰峻决胜巅峰看花式的看法</p>\r\n<p>卡萨丁解放啦快递费家乐福</p>\r\n<p>速率快的附件历史课邓弗里斯</p>','2023-02-04 20:37:00','2023-02-04 20:37:00',0),(1622603231689998336,'<p>巅峰计划盛开的粉红色快递费</p>','2023-02-06 22:28:52','2023-02-06 22:28:52',0),(1622604499678429184,'<p>士大夫金黄色的开发计划书大富科技</p>\r\n<p>开始的和分类看似简单和福克斯封多久</p>','2023-02-06 22:33:53','2023-02-06 22:33:53',0),(1622615361826881536,'<p>时代峰峻黑三快点分解后上岛咖啡</p>','2023-02-06 23:17:03','2023-02-06 23:17:03',0),(1622873272885047296,'<p>圣诞福利开始减肥类似的会计法</p>','2023-02-07 16:21:54','2023-02-07 16:21:54',0),(1623599974292512768,'<p>爱神的箭哈伦裤圣诞节拉斯柯达</p>','2023-02-09 16:29:34','2023-02-09 16:29:34',0),(1623601900199469056,'<p>as断开连接爱丽丝肯德基阿拉丁</p>','2023-02-09 16:37:12','2023-02-09 16:37:12',0),(1623602333382991872,'<p>埃算法辣椒水打了卡就是断了</p>','2023-02-09 16:38:56','2023-02-09 16:38:56',0),(1623602437112324096,'<p>圣诞福利快结束了的反抗级算法</p>','2023-02-09 16:39:20','2023-02-09 16:39:20',0),(1623684069655662592,'<p>的思路会计分录收快递费</p>\r\n<p><img src=\"/acfile-test/topicImage/2023/02/09/1623683967176245248.webp\" alt=\"\" width=\"199\" height=\"339\"></p>','2023-02-09 22:03:43','2023-02-09 22:03:43',0),(1623687489930252288,'<p>但是，放假了收快递费就绿色防控</p>\r\n<p><img style=\"display: block; margin-left: auto; margin-right: auto;\" src=\"/acfile-test/topicImage/2023/02/09/1623687401195520000.webp\" alt=\"\" width=\"129\" height=\"229\"></p>','2023-02-09 22:17:19','2023-02-09 22:17:19',0),(1623689637107691520,'<p>速率快的附件类似的开房记录士大夫</p>\r\n<p><img style=\"display: block; margin-left: auto; margin-right: auto;\" src=\"/acfile-test/topicImage/2023/02/09/1623689587493285888.webp\" alt=\"\" width=\"218\" height=\"290\"></p>','2023-02-09 22:25:51','2023-02-09 22:25:51',0),(1623690628699877376,'<p>爱斯达克结案率可视对讲阿拉丁</p>\r\n<p><img src=\"/acfile-test/topicImage/2023/02/09/1623690571124682752.webp\" alt=\"\" width=\"289\" height=\"289\"></p>','2023-02-09 22:29:47','2023-02-09 22:29:47',0),(1623692076313505792,'<p>三等奖卡复活可接受的粉红色的会计法</p>\r\n<p>肯定是解放路收快递费就收代理费</p>\r\n<p><img style=\"display: block; margin-left: auto; margin-right: auto;\" src=\"/acfile-test/topicImage/2023/02/09/1623691916552450048.webp\" alt=\"\" width=\"211\" height=\"360\"></p>\r\n<p style=\"text-align: center;\">阿斯加德卡技术都卡</p>\r\n<p style=\"text-align: left;\">你们觉得呢😥😜</p>','2023-02-09 22:35:32','2023-02-09 22:35:32',0),(1623707119923089408,'<p>暗室逢灯立卡就是断了</p>\r\n<p>阿斯利康多久啊来看待结案了</p>\r\n<p><img style=\"display: block; margin-left: auto; margin-right: auto;\" src=\"/acfile-test/topicImage/2023/02/09/1623707030265540608.webp\" alt=\"\" width=\"415\" height=\"224\"></p>','2023-02-09 23:35:19','2023-02-09 23:35:19',0),(1623957355971043328,'<p>奥斯卡来得及案例山东科技ad</p>\r\n<p>拉丝机的拉开见识到了</p>','2023-02-10 16:09:40','2023-02-10 16:09:40',0),(1623957357615210496,'<p>奥斯卡来得及案例山东科技ad</p>\r\n<p>拉丝机的拉开见识到了</p>','2023-02-10 16:09:40','2023-02-10 16:09:40',0),(1623960731341348864,'<p>按实际亏大了上课的</p>','2023-02-10 16:23:05','2023-02-10 16:23:05',0),(1624036651276292096,'<p>了快速佛了四大皆空发了啥</p>','2023-02-10 21:24:45','2023-02-10 21:24:45',0),(1624042628012687360,'<p>爱斯达克垃圾啊猎杀对决阿里斯顿</p>','2023-02-10 21:48:30','2023-02-10 21:48:30',0),(1624042966753067008,'<p>爱斯达克静安寺来得及阿里的</p>','2023-02-10 21:49:51','2023-02-10 21:49:51',0),(1624043665402458112,'<p>as打了卡记得删了卡卷啊</p>','2023-02-10 21:52:38','2023-02-10 21:52:38',0),(1624280044526989312,'<p>士大夫就是了看到就烦类似的</p>','2023-02-11 13:31:55','2023-02-11 13:31:55',0),(1624280554646630400,'<p>一拳超人</p>','2023-02-11 13:33:56','2023-02-11 13:33:56',0),(1624280639346405376,'<p>奥斯卡来得及阿里斯顿看到</p>\r\n<p>雷克萨建档立卡近代史拉伤的</p>','2023-02-11 13:34:16','2023-02-11 13:34:16',0),(1624327122976251904,'<p>克里斯丁加拉看世界多拉点</p>','2023-02-11 16:38:59','2023-02-11 16:38:59',0),(1624420432785027072,'<p>今天给大家分享一部动画</p>\r\n<p>间谍过家家</p>\r\n<p>&nbsp;</p>\r\n<p style=\"text-align: center;\">😎</p>','2023-02-11 22:49:46','2023-02-11 22:49:46',0),(1624430544048205824,'<p><span style=\"font-size: 18pt;\">就是的合法啊实打实大的空间埃里克森就得啦卡视角的拉卡德</span></p>','2023-02-11 23:29:56','2023-02-11 23:29:56',0),(1624432177607979008,'<p><span style=\"font-size: 18pt;\">是打发士大夫啊看了时间到了as氪金的垃圾的</span></p>\r\n<p><span style=\"font-size: 18pt;\">啥肯德基拉丝机的拉动</span></p>\r\n<p><span style=\"font-size: 18pt;\">奥斯卡来得及爱丽丝肯德基阿里</span></p>','2023-02-11 23:36:26','2023-02-11 23:36:26',0),(1624466283842596864,'<p>as断开连接as蓝黛科技ad</p>','2023-02-12 01:51:58','2023-02-12 01:51:58',0),(1625045572644343808,'<p style=\"line-height: 1;\"><span style=\"font-size: 18pt;\">按数据库的骄傲肯德基结案率可视对讲</span></p>\r\n<p style=\"line-height: 1;\"><span style=\"font-size: 18pt;\">案例库圣诞节爱丽丝肯德基阿拉丁</span></p>','2023-02-13 16:13:51','2023-02-13 16:13:51',1),(1625109519082811392,'<p>奥斯卡的骄傲了多久啊</p>\r\n<p>阿斯卡纶第六届阿里可视对讲</p>','2023-02-13 20:27:57','2023-02-13 20:27:57',0),(1625145872046620672,'<p>时空来电赫拉可视对讲卡萨丁</p>','2023-02-13 22:52:24','2023-02-13 22:52:24',0),(1625395956340572160,'<p>爱斯达克辣椒水的啦阿斯利康的骄傲了上课的</p>','2023-02-14 15:26:09','2023-02-14 15:26:09',0),(1625439107306610688,'<p><img style=\"display: block; margin-left: auto; margin-right: auto;\" src=\"/acfile-test/topicImage/2023/02/14/1625438764313157632.webp\" alt=\"\" width=\"331\" height=\"207\"></p>\n<p style=\"text-align: center;\">图片1</p>\n<p style=\"text-align: center;\">图片</p>\n<p><img style=\"display: block; margin-left: auto; margin-right: auto;\" src=\"/acfile-test/topicImage/2023/02/14/1625438884672905216.webp\" alt=\"\" width=\"185\" height=\"315\"></p>\n<p style=\"text-align: center;\">再来几张</p>\n<p>&nbsp;</p>\n<p><img style=\"display: block; margin-left: auto; margin-right: auto;\" src=\"/acfile-test/topicImage/2023/02/14/1625439070618984448.webp\" alt=\"\" width=\"296\" height=\"395\"></p>','2023-02-14 18:17:37','2023-02-14 18:17:37',0),(1625501683403059200,'<p>as大连科技as漏打卡就</p>\r\n<p>奥斯卡就得啦卡视角的拉克丝的</p>\r\n<p>啥肯德基拉伤的</p>','2023-02-14 22:26:16','2023-02-14 22:26:16',0),(1625502898606174208,'<p>斯蒂芬库里击杀点菲利克斯</p>\r\n<p>当升科技发了啥的看法记得删了看</p>\r\n<p>SDK及回复是看到就烦</p>','2023-02-14 22:31:06','2023-02-14 22:31:06',0),(1625523616639115264,'<p>爱斯达克垃圾啊蓝黛科技啊</p>','2023-02-14 23:53:26','2023-02-14 23:53:26',0),(1625763842963918848,'<p>阿诗丹顿多多多多多多多多多多多多多多多多或扩</p>\n<p>萨克多或绿绿绿绿绿绿绿绿绿绿绿绿绿绿绿绿绿绿绿绿</p>\n<p>撒的谎🤨或或<span style=\"color: rgb(230, 126, 35);\">或或或或或</span>或或或或或或或或军扩</p>\n<blockquote>\n<p>sad军军<sup>军军军军军军军军军军军军军军军军军军扩</sup></p>\n</blockquote>\n<p>士大夫哈萨克东方红是看到就烦还是开发sad军扩扩扩扩扩扩扩扩扩扩扩扩扩扩扩扩扩扩扩扩扩扩扩扩扩扩或</p>\n<p style=\"padding-left: 40px;\">&nbsp;</p>\n<p>撒的谎或大或所所所所所所所所所所所<span style=\"color: rgb(186, 55, 42);\">所所所所所所所所所所所所所所</span>所所所所所所所所</p>','2023-02-15 15:48:00','2023-02-15 15:48:00',0),(1625786193919201280,'<p style=\"line-height: 1;\"><span style=\"font-size: 14pt;\">灵能第三季不错，隔了几年看得还过瘾，你觉得呢？</span></p>\n<p style=\"line-height: 1;\"><span style=\"font-size: 14pt;\">😊</span></p>\n<p><img style=\"display: block; margin-left: auto; margin-right: auto;\" src=\"/acfile-test/topicImage/2023/02/15/1625785908823965696.webp\" alt=\"\" width=\"430\" height=\"616\"></p>','2023-02-15 17:16:49','2023-02-15 17:16:49',0),(1625802323819839488,'<p>奥斯卡的铝合金阿拉山口多久啊删掉了</p>\r\n<p>阿斯利康就得啦上课间都懒得</p>\r\n<p>阿卡视角的拉克丝简单的</p>\r\n<p><img style=\"display: block; margin-left: auto; margin-right: auto;\" src=\"/acfile-test/topicImage/2023/02/15/1625802266668290048.webp\" alt=\"\" width=\"441\" height=\"630\"></p>','2023-02-15 18:20:54','2023-02-15 18:20:54',0),(1625837419528531968,'<p>&lt;p&gt;里挥洒多看哈SDK&lt;/p&gt;<br>&lt;p&gt;爱斯达克垃圾啊猎杀对决阿拉丁&lt;/p&gt;<br>&lt;p&gt;撒开了多久拉克丝多久啊六十大寿来看待结案了山东科技阿里斯顿可结案了SDK&lt;/p&gt;<br>&lt;p&gt;撒开了多久拉克丝多久啊六十大寿来看待结案了山东科技阿里斯顿可结案了SDK&lt;/p&gt;<br>&lt;table style=\"border-collapse: collapse; width: 99.9915%;\" border=\"1\"&gt;&lt;colgroup&gt;&lt;col style=\"width: 20%;\"&gt;&lt;col style=\"width: 20%;\"&gt;&lt;col style=\"width: 20%;\"&gt;&lt;col style=\"width: 20%;\"&gt;&lt;col style=\"width: 20%;\"&gt;&lt;/colgroup&gt;<br>&lt;tbody&gt;<br>&lt;tr&gt;<br>&lt;td&gt;士大夫算法但是的&lt;/td&gt;<br>&lt;td&gt;是打发士大夫&lt;/td&gt;<br>&lt;td&gt;是打发士大夫&lt;/td&gt;<br>&lt;td&gt;sdfsdfsdf&lt;/td&gt;<br>&lt;td&gt;是打发士大夫&lt;/td&gt;<br>&lt;/tr&gt;<br>&lt;tr&gt;<br>&lt;td&gt;是打发士大夫&lt;/td&gt;<br>&lt;td&gt;是打发士大夫&lt;/td&gt;<br>&lt;td&gt;是打发士大夫&lt;/td&gt;<br>&lt;td&gt;是打发士大夫&lt;/td&gt;<br>&lt;td&gt;是打发士大夫&lt;/td&gt;<br>&lt;/tr&gt;<br>&lt;/tbody&gt;<br>&lt;/table&gt;&lt;p&gt;里挥洒多看哈SDK&lt;/p&gt;<br>&lt;p&gt;爱斯达克垃圾啊猎杀对决阿拉丁&lt;/p&gt;<br>&lt;p&gt;撒开了多久拉克丝多久啊六十大寿来看待结案了山东科技阿里斯顿可结案了SDK&lt;/p&gt;<br>&lt;p&gt;撒开了多久拉克丝多久啊六十大寿来看待结案了山东科技阿里斯顿可结案了SDK&lt;/p&gt;<br>&lt;table style=\"border-collapse: collapse; width: 99.9915%;\" border=\"1\"&gt;&lt;colgroup&gt;&lt;col style=\"width: 20%;\"&gt;&lt;col style=\"width: 20%;\"&gt;&lt;col style=\"width: 20%;\"&gt;&lt;col style=\"width: 20%;\"&gt;&lt;col style=\"width: 20%;\"&gt;&lt;/colgroup&gt;<br>&lt;tbody&gt;<br>&lt;tr&gt;<br>&lt;td&gt;士大夫算法但是的&lt;/td&gt;<br>&lt;td&gt;是打发士大夫&lt;/td&gt;<br>&lt;td&gt;是打发士大夫&lt;/td&gt;<br>&lt;td&gt;sdfsdfsdf&lt;/td&gt;<br>&lt;td&gt;是打发士大夫&lt;/td&gt;<br>&lt;/tr&gt;<br>&lt;tr&gt;<br>&lt;td&gt;是打发士大夫&lt;/td&gt;<br>&lt;td&gt;是打发士大夫&lt;/td&gt;<br>&lt;td&gt;是打发士大夫&lt;/td&gt;<br>&lt;td&gt;是打发士大夫&lt;/td&gt;<br>&lt;td&gt;是打发士大夫&lt;/td&gt;<br>&lt;/tr&gt;<br>&lt;/tbody&gt;<br>&lt;/table&gt;&lt;p&gt;里挥洒多看哈SDK&lt;/p&gt;<br>&lt;p&gt;爱斯达克垃圾啊猎杀对决阿拉丁&lt;/p&gt;<br>&lt;p&gt;撒开了多久拉克丝多久啊六十大寿来看待结案了山东科技阿里斯顿可结案了SDK&lt;/p&gt;<br>&lt;p&gt;撒开了多久拉克丝多久啊六十大寿来看待结案了山东科技阿里斯顿可结案了SDK&lt;/p&gt;<br>&lt;table style=\"border-collapse: collapse; width: 99.9915%;\" border=\"1\"&gt;&lt;colgroup&gt;&lt;col style=\"width: 20%;\"&gt;&lt;col style=\"width: 20%;\"&gt;&lt;col style=\"width: 20%;\"&gt;&lt;col style=\"width: 20%;\"&gt;&lt;col style=\"width: 20%;\"&gt;&lt;/colgroup&gt;<br>&lt;tbody&gt;<br>&lt;tr&gt;<br>&lt;td&gt;士大夫算法但是的&lt;/td&gt;<br>&lt;td&gt;是打发士大夫&lt;/td&gt;<br>&lt;td&gt;是打发士大夫&lt;/td&gt;<br>&lt;td&gt;sdfsdfsdf&lt;/td&gt;<br>&lt;td&gt;是打发士大夫&lt;/td&gt;<br>&lt;/tr&gt;<br>&lt;tr&gt;<br>&lt;td&gt;是打发士大夫&lt;/td&gt;<br>&lt;td&gt;是打发士大夫&lt;/td&gt;<br>&lt;td&gt;是打发士大夫&lt;/td&gt;<br>&lt;td&gt;是打发士大夫&lt;/td&gt;<br>&lt;td&gt;是打发士大夫&lt;/td&gt;<br>&lt;/tr&gt;<br>&lt;/tbody&gt;<br>&lt;/table&gt;&lt;p&gt;里挥洒多看哈SDK&lt;/p&gt;<br>&lt;p&gt;爱斯达克垃圾啊猎杀对决阿拉丁&lt;/p&gt;<br>&lt;p&gt;撒开了多久拉克丝多久啊六十大寿来看待结案了山东科技阿里斯顿可结案了SDK&lt;/p&gt;<br>&lt;p&gt;撒开了多久拉克丝多久啊六十大寿来看待结案了山东科技阿里斯顿可结案了SDK&lt;/p&gt;<br>&lt;table style=\"border-collapse: collapse; width: 99.9915%;\" border=\"1\"&gt;&lt;colgroup&gt;&lt;col style=\"width: 20%;\"&gt;&lt;col style=\"width: 20%;\"&gt;&lt;col style=\"width: 20%;\"&gt;&lt;col style=\"width: 20%;\"&gt;&lt;col style=\"width: 20%;\"&gt;&lt;/colgroup&gt;<br>&lt;tbody&gt;<br>&lt;tr&gt;<br>&lt;td&gt;士大夫算法但是的&lt;/td&gt;<br>&lt;td&gt;是打发士大夫&lt;/td&gt;<br>&lt;td&gt;是打发士大夫&lt;/td&gt;<br>&lt;td&gt;sdfsdfsdf&lt;/td&gt;<br>&lt;td&gt;是打发士大夫&lt;/td&gt;<br>&lt;/tr&gt;<br>&lt;tr&gt;<br><br><br><br><br><br></p>','2023-02-15 20:40:22','2023-02-15 20:40:22',0);
/*!40000 ALTER TABLE `tb_topic_html` ENABLE KEYS */;
UNLOCK TABLES;
/*!40103 SET TIME_ZONE=@OLD_TIME_ZONE */;

/*!40101 SET SQL_MODE=@OLD_SQL_MODE */;
/*!40014 SET FOREIGN_KEY_CHECKS=@OLD_FOREIGN_KEY_CHECKS */;
/*!40014 SET UNIQUE_CHECKS=@OLD_UNIQUE_CHECKS */;
/*!40101 SET CHARACTER_SET_CLIENT=@OLD_CHARACTER_SET_CLIENT */;
/*!40101 SET CHARACTER_SET_RESULTS=@OLD_CHARACTER_SET_RESULTS */;
/*!40101 SET COLLATION_CONNECTION=@OLD_COLLATION_CONNECTION */;
/*!40111 SET SQL_NOTES=@OLD_SQL_NOTES */;

-- Dump completed on 2023-02-15 21:18:19
