-- MySQL dump 10.13  Distrib 8.0.29, for Win64 (x86_64)
--
-- Host: localhost    Database: acimage_image
-- ------------------------------------------------------
-- Server version	8.0.29

/*!40101 SET @OLD_CHARACTER_SET_CLIENT=@@CHARACTER_SET_CLIENT */;
/*!40101 SET @OLD_CHARACTER_SET_RESULTS=@@CHARACTER_SET_RESULTS */;
/*!40101 SET @OLD_COLLATION_CONNECTION=@@COLLATION_CONNECTION */;
/*!50503 SET NAMES utf8mb4 */;
/*!40103 SET @OLD_TIME_ZONE=@@TIME_ZONE */;
/*!40103 SET TIME_ZONE='+00:00' */;
/*!40014 SET @OLD_UNIQUE_CHECKS=@@UNIQUE_CHECKS, UNIQUE_CHECKS=0 */;
/*!40014 SET @OLD_FOREIGN_KEY_CHECKS=@@FOREIGN_KEY_CHECKS, FOREIGN_KEY_CHECKS=0 */;
/*!40101 SET @OLD_SQL_MODE=@@SQL_MODE, SQL_MODE='NO_AUTO_VALUE_ON_ZERO' */;
/*!40111 SET @OLD_SQL_NOTES=@@SQL_NOTES, SQL_NOTES=0 */;

--
-- Table structure for table `bak_tb_home_carousel`
--

DROP TABLE IF EXISTS `bak_tb_home_carousel`;
/*!40101 SET @saved_cs_client     = @@character_set_client */;
/*!50503 SET character_set_client = utf8mb4 */;
CREATE TABLE `bak_tb_home_carousel` (
  `id` bigint NOT NULL,
  `description` varchar(30) DEFAULT NULL,
  `url` varchar(60) NOT NULL,
  `size` int DEFAULT NULL,
  `location` int DEFAULT NULL,
  `create_time` datetime DEFAULT CURRENT_TIMESTAMP,
  `update_time` datetime DEFAULT CURRENT_TIMESTAMP,
  PRIMARY KEY (`id`)
) ENGINE=InnoDB DEFAULT CHARSET=utf8mb4 COLLATE=utf8mb4_0900_ai_ci;
/*!40101 SET character_set_client = @saved_cs_client */;

--
-- Dumping data for table `bak_tb_home_carousel`
--

LOCK TABLES `bak_tb_home_carousel` WRITE;
/*!40000 ALTER TABLE `bak_tb_home_carousel` DISABLE KEYS */;
INSERT INTO `bak_tb_home_carousel` VALUES (1595422558785183744,'欢迎来到AC印象......这是二次元交流论坛','/acfile-test/1623604455809818624.jpg/2023/02/09/homeCarousel',202360,1,'2022-11-23 14:22:34','2023-02-09 08:47:22'),(1611730327725256704,'欢迎欢迎','/acfile-test/1623692584218599424.jpg/2023/02/09/homeCarousel',743921,2,'2023-01-07 14:23:49','2023-02-09 14:37:33');
/*!40000 ALTER TABLE `bak_tb_home_carousel` ENABLE KEYS */;
UNLOCK TABLES;

--
-- Table structure for table `tb_image`
--

DROP TABLE IF EXISTS `tb_image`;
/*!40101 SET @saved_cs_client     = @@character_set_client */;
/*!50503 SET character_set_client = utf8mb4 */;
CREATE TABLE `tb_image` (
  `id` bigint NOT NULL,
  `topic_id` bigint DEFAULT NULL,
  `url` varchar(80) NOT NULL,
  `size` int NOT NULL,
  `description` varchar(30) DEFAULT NULL,
  `file_name` varchar(80) DEFAULT NULL,
  `create_time` datetime DEFAULT CURRENT_TIMESTAMP,
  `update_time` datetime DEFAULT CURRENT_TIMESTAMP,
  `deleted` tinyint DEFAULT '0',
  PRIMARY KEY (`id`),
  KEY `index_image_url` (`url`)
) ENGINE=InnoDB DEFAULT CHARSET=utf8mb4 COLLATE=utf8mb4_0900_ai_ci;
/*!40101 SET character_set_client = @saved_cs_client */;

--
-- Dumping data for table `tb_image`
--

LOCK TABLES `tb_image` WRITE;
/*!40000 ALTER TABLE `tb_image` DISABLE KEYS */;
INSERT INTO `tb_image` VALUES (1572508721903943680,1572508721685839872,'topicImage/2022/12/03/1572508721903943680.jpeg',3875,'没脸看+',NULL,'2023-01-26 21:03:50','2023-01-26 21:04:20',0),(1572508721903943681,1572508721685839872,'topicImage/2022/12/03/1572508721903943681.jpeg',10254,'愤怒++',NULL,'2023-01-26 21:03:50','2023-01-26 21:04:20',0),(1573240094587424768,1573240094281240576,'topicImage/2022/12/03/1573240094587424768.jpeg',61485,'1589.jpeg',NULL,'2023-01-26 21:03:50','2023-01-26 21:04:20',0),(1573240094587424769,1573240094281240576,'topicImage/2022/12/03/1573240094587424769.jpeg',115251,'bg5552233',NULL,'2023-01-26 21:03:50','2023-01-26 21:04:20',0),(1573322637990981632,1573322637529608192,'topicImage/2022/12/03/1573322637990981632.jpeg',94990,'爱丽丝镇楼',NULL,'2023-01-26 21:03:50','2023-01-26 21:04:20',0),(1573324140340367360,1573324140009017344,'topicImage/2022/12/03/1573324140340367360.jpeg',298951,'login-bg2.jpg',NULL,'2023-01-26 21:03:50','2023-01-26 21:04:20',0),(1573953638224220160,1573953638006116352,'topicImage/2022/12/03/1573953638224220160.jpeg',61485,'1.jpeg',NULL,'2023-01-26 21:03:50','2023-01-26 21:04:20',0),(1573953638224220161,1573953638006116352,'topicImage/2022/12/03/1573953638224220161.jpeg',206308,'2.jpg',NULL,'2023-01-26 21:03:50','2023-01-26 21:04:20',0),(1574286298305822720,1574286298175799296,'topicImage/2022/12/03/1574286298305822720.jpeg',10254,'b5.png',NULL,'2023-01-26 21:03:50','2023-01-26 21:04:20',0),(1575129660659408896,1575129660344836096,'topicImage/2022/12/03/1575129660659408896.jpeg',201835,'次元小镇8',NULL,'2023-01-26 21:03:50','2023-01-26 21:04:20',0),(1575868221272621056,1575868221125820416,'topicImage/2022/12/03/1575868221272621056.jpeg',632860,'大忍.jpg',NULL,'2023-01-26 21:03:50','2023-01-26 21:04:20',0),(1575868221272621057,1575868221125820416,'topicImage/2022/12/03/1575868221272621057.jpeg',548304,'中忍.jpg',NULL,'2023-01-26 21:03:50','2023-01-26 21:04:20',0),(1578393575283515392,1578393575279321088,'topicImage/2022/12/03/1578393575283515392.jpeg',10254,'b5 - 副本.',NULL,'2023-01-26 21:03:50','2023-01-26 21:04:20',0),(1578393575283515393,1578393575279321088,'topicImage/2022/12/03/1578393575283515393.jpeg',10254,'b5',NULL,'2023-01-26 21:03:50','2023-01-26 21:04:20',0),(1578709444954001408,1578709444933029888,'topicImage/2022/12/03/1578709444954001408.jpeg',58013,'水源千鹤.jpeg',NULL,'2023-01-26 21:03:50','2023-01-26 21:04:20',0),(1578964177170010112,1578964177039986688,'topicImage/2022/12/03/1578964177170010112.jpeg',122126,'404.png',NULL,'2023-01-26 21:03:50','2023-01-26 21:04:20',0),(1578964177170010113,1578964177039986688,'topicImage/2022/12/03/1578964177170010113.jpeg',12467,'b4.png',NULL,'2023-01-26 21:03:50','2023-01-26 21:04:20',0),(1579019429604798464,1579019429336363008,'topicImage/2022/12/03/1579019429604798464.jpeg',120195,'次元小镇5.jpg',NULL,'2023-01-26 21:03:50','2023-01-26 21:04:20',0),(1579088909441728512,1579088909127155712,'topicImage/2022/12/03/1579088909441728512.jpeg',23681,'义勇？？？',NULL,'2023-01-26 21:03:50','2023-01-26 21:04:20',0),(1583082177125019648,1583082176776892416,'topicImage/2022/12/03/1583082177125019648.jpeg',71046,'百度图片9.jpeg',NULL,'2023-01-26 21:03:50','2023-01-26 21:04:20',0),(1584469610789879808,1584469610554998784,'topicImage/2022/12/03/1584469610789879808.jpeg',230322,'次元小镇4.jpg',NULL,'2023-01-26 21:03:50','2023-01-26 21:04:20',0),(1585529145067569152,1585529145054986240,'topicImage/2022/12/03/1585529145067569152.jpeg',51912,'藤原千花.jpeg',NULL,'2023-01-26 21:03:50','2023-01-26 21:04:20',0),(1585529145067569153,1585529145054986240,'topicImage/2022/12/03/1585529145067569153.jpeg',44417,'藤原千花1.jpeg',NULL,'2023-01-26 21:03:50','2023-01-26 21:04:20',0),(1585529145067569154,1585529145054986240,'topicImage/2022/12/03/1585529145067569154.jpeg',51626,'藤原千花2.jpeg',NULL,'2023-01-26 21:03:50','2023-01-26 21:04:20',0),(1585529145067569155,1585529145054986240,'topicImage/2022/12/03/1585529145067569155.jpeg',148743,'藤原千花3.jpeg',NULL,'2023-01-26 21:03:50','2023-01-26 21:04:20',0),(1585529145067569156,1585529145054986240,'topicImage/2022/12/03/1585529145067569156.jpeg',73031,'藤原千花4.jpeg',NULL,'2023-01-26 21:03:50','2023-01-26 21:04:20',0),(1586281501346553856,1586281501153615872,'topicImage/2022/12/03/1586281501346553856.jpeg',191680,'login-bg',NULL,'2023-01-26 21:03:50','2023-01-26 21:04:20',0),(1586281501346553857,1586281501153615872,'topicImage/2022/12/03/1586281501346553857.jpeg',191294,'百度图片1',NULL,'2023-01-26 21:03:50','2023-01-26 21:04:20',0),(1586281501346553858,1586281501153615872,'topicImage/2022/12/03/1586281501346553858.jpeg',66104,'百度图片',NULL,'2023-01-26 21:03:50','2023-01-26 21:04:20',0),(1610188153128869888,1610188155725148160,'topicImage/2023/01/03/1610188153128869888.png',11189,'大哭',NULL,'2023-01-26 21:03:50','2023-01-26 21:04:20',0),(1610188153128869889,1610188155725148160,'topicImage/2023/01/03/1610188153128869889.png',10254,'大怒',NULL,'2023-01-26 21:03:50','2023-01-26 21:04:20',0),(1611727025084055552,1611727027223252992,'topicImage/2023/01/07/1611727025084055552.jpeg',249312,'爱丽丝2.jpeg',NULL,'2023-01-26 21:03:50','2023-01-26 21:04:20',0),(1618600417884139520,NULL,'topicImage/2023/01/26/1618600417745727488.png',37883,'b站2.png','b站2.png','2023-01-26 13:23:06','2023-01-26 13:23:06',0),(1618602803772002304,NULL,'topicImage/2023/01/26/1618602802668900352.jpg',237700,'次元小镇7.jpg','次元小镇7.jpg','2023-01-26 13:32:35','2023-01-26 13:32:35',0),(1618604028995309568,NULL,'topicImage/2023/01/26/1618604028827537408.jpeg',34026,'sad.jpeg','sad.jpeg','2023-01-26 13:37:27','2023-01-26 13:37:27',0),(1618604085509361664,NULL,'topicImage/2023/01/26/1618604085295452160.jpg',201835,'次元小镇8.jpg','次元小镇8.jpg','2023-01-26 13:37:41','2023-01-26 13:37:41',0),(1618604208859648000,NULL,'topicImage/2023/01/26/1618604208251473920.jpeg',994874,'忍野忍.jpeg','忍野忍.jpeg','2023-01-26 13:38:10','2023-01-26 13:38:10',0),(1618606056400224256,NULL,'topicImage/2023/01/26/1618606055548780544.jpeg',191294,'百度图片1.jpeg','百度图片1.jpeg','2023-01-26 13:45:31','2023-01-26 13:45:31',0),(1618606104760549376,NULL,'topicImage/2023/01/26/1618606104672468992.jpeg',71046,'百度图片9.jpeg','百度图片9.jpeg','2023-01-26 13:45:42','2023-01-26 13:45:42',0),(1618606664679280640,NULL,'topicImage/2023/01/26/1618606664054329344.jpeg',40940,'头像.jpeg','头像.jpeg','2023-01-26 13:47:56','2023-01-26 13:47:56',0),(1618606762813411328,NULL,'topicImage/2023/01/26/1618606762532392960.jpeg',324372,'亚丝娜桐人.jpeg','亚丝娜桐人.jpeg','2023-01-26 13:48:19','2023-01-26 13:48:19',0),(1618607796919070720,NULL,'/555/topicImage/2023/01/26/1618607796814213120.jpg',40940,'user_img.jpg','user_img.jpg','2023-01-26 13:52:26','2023-01-26 13:52:26',0),(1618609583541563392,NULL,'/555/topicImage/2023/01/26/1618609582732062720.jpg',40940,'user_img.jpg','user_img.jpg','2023-01-26 13:59:32','2023-01-26 13:59:32',0),(1618610002120519680,NULL,'/555/topicImage/2023/01/26/1618610001780781056.jpeg',324372,'亚丝娜桐人.jpeg','亚丝娜桐人.jpeg','2023-01-26 14:01:11','2023-01-26 14:01:11',0),(1618611297199865856,NULL,'/555/topicImage/2023/01/26/1618611296390365184.jpeg',23681,'百度图片4.jpeg','百度图片4.jpeg','2023-01-26 14:06:20','2023-01-26 14:06:20',0),(1618611353072189440,NULL,'/555/topicImage/2023/01/26/1618611352560484352.jpeg',994874,'忍野忍.jpeg','忍野忍.jpeg','2023-01-26 14:06:34','2023-01-26 14:06:34',0),(1618614106544779264,NULL,'/555/topicImage/2023/01/26/1618614105735278592.jpg',203611,'test4.jpg','test4.jpg','2023-01-26 14:17:30','2023-01-26 14:17:30',0),(1618615085612728320,NULL,'/555/topicImage/2023/01/26/1618615084794839040.jpg',114789,'次元小镇9.jpg','次元小镇9.jpg','2023-01-26 14:21:23','2023-01-26 14:21:23',0),(1618616471125581824,NULL,'/555/topicImage/2023/01/26/1618616470358024192.jpg',202360,'test3.jpg','test3.jpg','2023-01-26 14:26:54','2023-01-26 14:26:54',0),(1618617499996766208,1618617542145339392,'/555/topicImage/2023/01/26/1618617499245985792.jpeg',73031,'藤原千花4.jpeg','藤原千花4.jpeg','2023-01-26 14:30:59','2023-01-26 14:30:59',0),(1621165258872258560,NULL,'/555/topicImage/2023/02/02/1621165257370697728.webp',23681,'百度图片4.jpeg','百度图片4.jpeg','2023-02-02 15:14:52','2023-02-02 15:14:52',0),(1621166705991024640,NULL,'/555/topicImage/2023/02/02/1621166703969370112.webp',202360,'test3.jpg','test3.jpg','2023-02-02 15:20:37','2023-02-02 15:20:37',0),(1621168030023745536,1621168257074053120,'/555/topicImage/2023/02/02/1621168028807397376.webp',289923,'次元小镇3.jpg','次元小镇3.jpg','2023-02-02 15:25:53','2023-02-02 15:25:53',1),(1621168119572135936,1621168257074053120,'/555/topicImage/2023/02/02/1621168119060430848.webp',94990,'爱丽丝.jpeg','爱丽丝.jpeg','2023-02-02 15:26:14','2023-02-02 15:26:14',1),(1621169728398098432,1621169949517570048,'/555/topicImage/2023/02/02/1621169727492128768.webp',94990,'爱丽丝.jpeg','爱丽丝.jpeg','2023-02-02 15:32:38','2023-02-02 15:32:38',1),(1621169899504730112,1621169949517570048,'/555/topicImage/2023/02/02/1621169897881534464.webp',289923,'次元小镇3.jpg','次元小镇3.jpg','2023-02-02 15:33:19','2023-02-02 15:33:19',1),(1621170602386137088,1621170730052378624,'/555/topicImage/2023/02/02/1621170600297373696.webp',100709,'百度图片10.jpeg','百度图片10.jpeg','2023-02-02 15:36:06','2023-02-02 15:36:06',1),(1621170682182770688,1621170730052378624,'/555/topicImage/2023/02/02/1621170681192914944.webp',121634,'百度图片3.jpeg','百度图片3.jpeg','2023-02-02 15:36:25','2023-02-02 15:36:25',1),(1621171796743639040,1621171937596694528,'/555/topicImage/2023/02/02/1621171793451110400.webp',202360,'test3.jpg','test3.jpg','2023-02-02 15:40:51','2023-02-02 15:40:51',1),(1621171875340701696,1621171937596694528,'/555/topicImage/2023/02/02/1621171873621037056.webp',324372,'亚丝娜桐人.jpeg','亚丝娜桐人.jpeg','2023-02-02 15:41:10','2023-02-02 15:41:10',1),(1621172994435534848,1621173023229370368,'/555/topicImage/2023/02/02/1621172992728453120.webp',191680,'login-bg.jpeg','login-bg.jpeg','2023-02-02 15:45:36','2023-02-02 15:45:36',1),(1621173692128604160,1621173906025484288,'/555/topicImage/2023/02/02/1621173690408939520.webp',148214,'55.jpg','55.jpg','2023-02-02 15:48:23','2023-02-02 15:48:23',0),(1621173759417823232,1621173906025484288,'/555/topicImage/2023/02/02/1621173758620905472.webp',201835,'次元小镇8.jpg','次元小镇8.jpg','2023-02-02 15:48:39','2023-02-02 15:48:39',0),(1621173836488159232,1621173906025484288,'/555/topicImage/2023/02/02/1621173835791904768.webp',121634,'百度图片3.jpeg','百度图片3.jpeg','2023-02-02 15:48:57','2023-02-02 15:48:57',0),(1621178996983640064,NULL,'/555/topicImage/2023/02/03/1621178995737931776.webp',121634,'百度图片3.jpeg','百度图片3.jpeg','2023-02-02 16:09:28','2023-02-02 16:09:28',0),(1621179424899117056,NULL,'/555/topicImage/2023/02/03/1621179424450326528.webp',51912,'藤原千花.jpeg','藤原千花.jpeg','2023-02-02 16:11:10','2023-02-02 16:11:10',0),(1621180008192585728,1621180104305016832,'/555/topicImage/2023/02/03/1621180006309343232.webp',324372,'亚丝娜桐人.jpeg','亚丝娜桐人.jpeg','2023-02-02 16:13:29','2023-02-02 16:13:29',1),(1621180069790134272,1621180104305016832,'/555/topicImage/2023/02/03/1621180068284379136.webp',289923,'次元小镇3.jpg','次元小镇3.jpg','2023-02-02 16:13:43','2023-02-02 16:13:43',0),(1621180677511229440,NULL,'/555/topicImage/2023/02/03/1621180675007229952.webp',743921,'次元小镇10.jpg','次元小镇10.jpg','2023-02-02 16:16:08','2023-02-02 16:16:08',0),(1621183021368004608,1621183114108223488,'/555/topicImage/2023/02/03/1621183018046115840.webp',203611,'test4.jpg','test4.jpg','2023-02-02 16:25:27','2023-02-02 16:25:27',0),(1621183082407710720,1621183114108223488,'/555/topicImage/2023/02/03/1621183081992474624.webp',51912,'藤原千花.jpeg','藤原千花.jpeg','2023-02-02 16:25:42','2023-02-02 16:25:42',1),(1623683970045149184,NULL,'/acfile-test/topicImage/2023/02/09/1623683967176245248.webp',112656,'次元小镇7.jpg','次元小镇7.jpg','2023-02-09 14:03:20','2023-02-09 14:03:20',0),(1623687403145871360,NULL,'/acfile-test/topicImage/2023/02/09/1623687401195520000.webp',69896,'百度图片3.jpeg','百度图片3.jpeg','2023-02-09 14:16:58','2023-02-09 14:16:58',0),(1623689589296836608,1623689637107691520,'/acfile-test/topicImage/2023/02/09/1623689587493285888.webp',84842,'百度图片10.jpeg','百度图片10.jpeg','2023-02-09 14:25:39','2023-02-09 14:25:39',0),(1623690571602833408,1623690628699877376,'/acfile-test/topicImage/2023/02/09/1623690571124682752.webp',23768,'藤原千花.jpeg','藤原千花.jpeg','2023-02-09 14:29:34','2023-02-09 14:29:34',0),(1623691918989340672,1623692076313505792,'/acfile-test/topicImage/2023/02/09/1623691916552450048.webp',112942,'次元小镇8.jpg','次元小镇8.jpg','2023-02-09 14:34:55','2023-02-09 14:34:55',0),(1623707031091818496,1623707119923089408,'/acfile-test/topicImage/2023/02/09/1623707030265540608.webp',66140,'次元小镇9.jpg','次元小镇9.jpg','2023-02-09 15:34:58','2023-02-09 15:34:58',0),(1625438765927964672,1625439107306610688,'/acfile-test/topicImage/2023/02/14/1625438764313157632.webp',38854,'login-bg3.jpg','login-bg3.jpg','2023-02-14 10:16:16','2023-02-14 10:16:16',0),(1625438885390131200,1625439107306610688,'/acfile-test/topicImage/2023/02/14/1625438884672905216.webp',65254,'次元小镇8.jpg','次元小镇8.jpg','2023-02-14 10:16:44','2023-02-14 10:16:44',0),(1625439008929161216,1625439107306610688,'/acfile-test/topicImage/2023/02/14/1625439008371318784.webp',39682,'百度图片3.jpeg','百度图片3.jpeg','2023-02-14 10:17:14','2023-02-14 10:17:14',1),(1625439071176826880,1625439107306610688,'/acfile-test/topicImage/2023/02/14/1625439070618984448.webp',84842,'百度图片10.jpeg','百度图片10.jpeg','2023-02-14 10:17:28','2023-02-14 10:17:28',0),(1625785909776072704,1625786193919201280,'/acfile-test/topicImage/2023/02/15/1625785908823965696.webp',103626,'灵能百分百.jpg','灵能百分百.jpg','2023-02-15 09:15:41','2023-02-15 09:15:41',0),(1625802268199211008,1625802323819839488,'/acfile-test/topicImage/2023/02/15/1625802266668290048.webp',54112,'百度图片9.jpeg','百度图片9.jpeg','2023-02-15 18:20:41','2023-02-15 18:20:41',0);
/*!40000 ALTER TABLE `tb_image` ENABLE KEYS */;
UNLOCK TABLES;

--
-- Table structure for table `tb_image_hash`
--

DROP TABLE IF EXISTS `tb_image_hash`;
/*!40101 SET @saved_cs_client     = @@character_set_client */;
/*!50503 SET character_set_client = utf8mb4 */;
CREATE TABLE `tb_image_hash` (
  `image_id` bigint NOT NULL,
  `hash_value` bigint NOT NULL COMMENT '图片哈希值，逻辑上表示为64个比特，话题里的图片都会被哈希处理，用于识图功能',
  `hash_sum` int NOT NULL COMMENT '哈希值的比特之和，当两张图哈希距离较小时，哈希和应该比较接近，用来过滤',
  `create_time` datetime DEFAULT CURRENT_TIMESTAMP,
  PRIMARY KEY (`image_id`)
) ENGINE=InnoDB DEFAULT CHARSET=utf8mb4 COLLATE=utf8mb4_0900_ai_ci;
/*!40101 SET character_set_client = @saved_cs_client */;

--
-- Dumping data for table `tb_image_hash`
--

LOCK TABLES `tb_image_hash` WRITE;
/*!40000 ALTER TABLE `tb_image_hash` DISABLE KEYS */;
INSERT INTO `tb_image_hash` VALUES (1572508721903943680,8427559731318409332,34,'2022-12-02 20:53:27'),(1572508721903943681,8425290202386057328,30,'2022-12-02 20:53:27'),(1573240094587424768,1021875554640867135,35,'2022-12-02 20:53:27'),(1573240094587424769,58204609957121096,24,'2022-12-02 20:53:27'),(1573322637990981632,-8711338112450508916,25,'2022-12-02 20:53:27'),(1573324140340367360,5209622837331145266,27,'2022-12-02 20:53:27'),(1573953638224220160,1021875554640867135,35,'2022-12-02 20:53:27'),(1573953638224220161,-4942153270858033032,35,'2022-12-02 20:53:27'),(1574286298305822720,8425290202386057328,30,'2022-12-02 20:53:27'),(1575129660659408896,1461716714680051121,27,'2022-12-02 20:53:27'),(1575868221272621056,-2093907320169788240,29,'2022-12-02 20:53:27'),(1575868221272621057,-2026072400597534671,31,'2022-12-02 20:53:27'),(1578393575283515392,8425290202386057328,30,'2022-12-02 20:53:27'),(1578393575283515393,8425290202386057328,30,'2022-12-02 20:53:27'),(1578709444954001408,4051323435768558118,28,'2022-12-02 20:53:27'),(1578964177170010112,-3562427332443009074,41,'2022-12-02 20:53:27'),(1578964177170010113,8138238674092615286,33,'2022-12-02 20:53:27'),(1579019429604798464,434330281752600206,28,'2022-12-02 20:53:27'),(1579088909441728512,5696788646267577155,30,'2022-12-02 20:53:27'),(1583082177125019648,7016688825755715455,35,'2022-12-02 20:53:27'),(1584469610789879808,4479713189253950513,31,'2022-12-02 20:53:27'),(1585529145067569152,-1313704357659295293,33,'2022-12-02 20:53:27'),(1585529145067569153,-1269922863895323553,36,'2022-12-02 20:53:27'),(1585529145067569154,-402948186658878195,32,'2022-12-02 20:53:27'),(1585529145067569155,-7164777376551417368,35,'2022-12-02 20:53:27'),(1585529145067569156,7525073417570550468,30,'2022-12-02 20:53:27'),(1586281501346553856,-795512373891709619,37,'2022-12-02 20:53:27'),(1586281501346553857,-8169922664342009338,35,'2022-12-02 20:53:27'),(1586281501346553858,230582101359928654,28,'2022-12-02 20:53:27'),(1610188153128869888,-875725248561220880,35,'2023-01-03 16:15:47'),(1610188153128869889,8425290202386057328,30,'2023-01-03 16:15:47'),(1611727025084055552,8732532673915531544,25,'2023-01-07 22:10:42'),(1618616471125581824,4196878135938331702,34,'2023-01-26 22:27:12'),(1618617499996766208,7525073417570550468,30,'2023-01-26 22:31:09'),(1621173692128604160,7153694278253497095,29,'2023-02-02 23:49:14'),(1621173759417823232,1461716714680051121,27,'2023-02-02 23:49:14'),(1621173836488159232,505253095305986863,24,'2023-02-02 23:49:14'),(1621180069790134272,438581321331733097,29,'2023-02-03 00:13:52'),(1621183021368004608,8598387344159907237,41,'2023-02-03 00:25:49'),(1623689589296836608,335663514471574303,21,'2023-02-09 22:25:51'),(1623690571602833408,-1313704357659295293,33,'2023-02-09 22:29:47'),(1623691918989340672,1461716714680051121,27,'2023-02-09 22:35:33'),(1623707031091818496,-2025518320231069239,33,'2023-02-09 23:35:19'),(1625438765927964672,1679613615759417592,40,'2023-02-14 18:17:37'),(1625438885390131200,1461716714680034737,26,'2023-02-14 18:17:37'),(1625439071176826880,335663514471574303,21,'2023-02-14 18:17:37'),(1625785909776072704,7560673684459413744,29,'2023-02-15 17:16:49'),(1625802268199211008,7016688825755715455,35,'2023-02-15 18:20:55');
/*!40000 ALTER TABLE `tb_image_hash` ENABLE KEYS */;
UNLOCK TABLES;
/*!40103 SET TIME_ZONE=@OLD_TIME_ZONE */;

/*!40101 SET SQL_MODE=@OLD_SQL_MODE */;
/*!40014 SET FOREIGN_KEY_CHECKS=@OLD_FOREIGN_KEY_CHECKS */;
/*!40014 SET UNIQUE_CHECKS=@OLD_UNIQUE_CHECKS */;
/*!40101 SET CHARACTER_SET_CLIENT=@OLD_CHARACTER_SET_CLIENT */;
/*!40101 SET CHARACTER_SET_RESULTS=@OLD_CHARACTER_SET_RESULTS */;
/*!40101 SET COLLATION_CONNECTION=@OLD_COLLATION_CONNECTION */;
/*!40111 SET SQL_NOTES=@OLD_SQL_NOTES */;

-- Dump completed on 2023-02-15 21:18:19
